case_id,mask_path,status,target_wall_thickness_mm,connected_component_count,watertight,non_manifold_edge_count,surface_area_mm2,volume_mm3,bbox_x_mm,bbox_y_mm,bbox_z_mm,edge_length_min_mm,edge_length_median_mm,edge_length_mean_mm,raw_stl,repaired_stl,smoothed_stl,repair_success,surface_roughness_pre_mean,surface_roughness_pre_max,surface_roughness_post_mean,surface_roughness_post_max,smoothing_volume_change_relative,wall_thickness_compliance_fraction,slicer_compatibility_proxy
1000,outputs/_validate2/case_outputs/1000/seg_mask_0.5.nii.gz,ok,3.0,7,True,0,8224.39592026524,7061.877841841374,112.80000448226929,99.60000395774841,87.0000034570694,0.4242640855706679,0.6000000238418579,0.5892606688454143,outputs/phase_b_mesh_qc/case_outputs/1000/segmentation_raw.stl,outputs/phase_b_mesh_qc/case_outputs/1000/segmentation_repaired.stl,outputs/phase_b_mesh_qc/case_outputs/1000/segmentation_smoothed.stl,True,0.5846051209689358,3.141592653589793,0.5276767342309223,3.1404698574223033,-0.003074502281856823,0.08801346194296704,True
751,outputs/_validate2/case_outputs/751/seg_mask_0.5.nii.gz,ok,3.0,9,True,0,8857.119370337401,7127.406849653038,123.00000488758087,112.80000448226929,97.80000388622284,0.4242640855706679,0.6000000238418579,0.5905223490007478,outputs/phase_b_mesh_qc/case_outputs/751/segmentation_raw.stl,outputs/phase_b_mesh_qc/case_outputs/751/segmentation_repaired.stl,outputs/phase_b_mesh_qc/case_outputs/751/segmentation_smoothed.stl,True,0.562456389906713,3.141592653589793,0.5097164259539595,3.139885094606299,-0.0032812164871658302,0.05835338859672579,True
752,outputs/final_test_250/case_outputs/752/seg_mask_0.5.nii.gz,ok,3.0,5,True,0,10278.857701420297,8168.364973744905,106.20000422000885,88.20000350475311,103.20000410079956,0.4242640855706679,0.6000000238418579,0.5910894174105579,outputs/phase_b_mesh_qc/case_outputs/752/segmentation_raw.stl,outputs/phase_b_mesh_qc/case_outputs/752/segmentation_repaired.stl,outputs/phase_b_mesh_qc/case_outputs/752/segmentation_smoothed.stl,True,0.5717864858554659,3.141592653589793,0.5131073328378492,3.1377673473700205,-0.0031448699922990223,0.05011926986102468,True
753,outputs/final_test_250/case_outputs/753/seg_mask_0.5.nii.gz,ok,3.0,5,True,0,5405.133048195258,4353.471518974205,107.40000426769257,94.80000376701355,78.60000312328339,0.4242640855706679,0.6000000238418579,0.5904866878588882,outputs/phase_b_mesh_qc/case_outputs/753/segmentation_raw.stl,outputs/phase_b_mesh_qc/case_outputs/753/segmentation_repaired.stl,outputs/phase_b_mesh_qc/case_outputs/753/segmentation_smoothed.stl,True,0.5786350503965773,3.141592653589793,0.5236996721852472,3.1379749526094463,-0.0030007682012085377,0.053799007685572525,True
754,outputs/final_test_250/case_outputs/754/seg_mask_0.5.nii.gz,ok,3.0,6,True,0,7171.468558351423,6298.497750839378,91.2000036239624,85.80000340938568,112.80000448226929,0.4242640855706679,0.6000000238418579,0.5893352350904526,outputs/phase_b_mesh_qc/case_outputs/754/segmentation_raw.stl,outputs/phase_b_mesh_qc/case_outputs/754/segmentation_repaired.stl,outputs/phase_b_mesh_qc/case_outputs/754/segmentation_smoothed.stl,True,0.5436647028573173,3.141592653589793,0.4658404908188969,3.1381643460716693,-0.0028597623502280697,0.09985840469287303,True
755,outputs/final_test_250/case_outputs/755/seg_mask_0.5.nii.gz,ok,3.0,8,True,0,7540.712841735823,6111.324728526619,100.20000398159027,84.60000336170197,90.60000360012054,0.4242640855706679,0.6000000238418579,0.590375188630538,outputs/phase_b_mesh_qc/case_outputs/755/segmentation_raw.stl,outputs/phase_b_mesh_qc/case_outputs/755/segmentation_repaired.stl,outputs/phase_b_mesh_qc/case_outputs/755/segmentation_smoothed.stl,True,0.574957642570036,3.141592653589793,0.5250637760057053,3.1407189442128542,-0.0032643518794636586,0.06097053726169844,True
756,outputs/final_test_250/case_outputs/756/seg_mask_0.5.nii.gz,ok,3.0,7,True,0,5597.841103958384,4522.545539129396,103.20000410079956,86.40000343322754,80.40000319480896,0.4242640855706679,0.6000000238418579,0.5894393178760339,outputs/phase_b_mesh_qc/case_outputs/756/segmentation_raw.stl,outputs/phase_b_mesh_qc/case_outputs/756/segmentation_repaired.stl,outputs/phase_b_mesh_qc/case_outputs/756/segmentation_smoothed.stl,True,0.5878618082476562,3.141592653589793,0.5312908834649122,3.1400975513288953,-0.0031735247312300436,0.05898600252797154,True
757,outputs/final_test_250/case_outputs/757/seg_mask_0.5.nii.gz,ok,3.0,6,True,0,8607.090819109562,7557.102900876797,133.20000529289246,115.20000457763672,97.80000388622284,0.4242640855706679,0.6000000238418579,0.5890116185535104,outputs/phase_b_mesh_qc/case_outputs/757/segmentation_raw.stl,outputs/phase_b_mesh_qc/case_outputs/757/segmentation_repaired.stl,outputs/phase_b_mesh_qc/case_outputs/757/segmentation_smoothed.stl,True,0.5685327927567697,3.141592653589793,0.5076119773903038,3.1397774231449804,-0.0025948056860853282,0.0908707746775689,True
758,outputs/final_test_250/case_outputs/758/seg_mask_0.5.nii.gz,ok,3.0,4,True,0,6880.599018422789,5444.199648999119,110.40000438690186,87.0000034570694,115.80000460147858,0.4242640855706679,0.6000000238418579,0.5906022350555473,outputs/phase_b_mesh_qc/case_outputs/758/segmentation_raw.stl,outputs/phase_b_mesh_qc/case_outputs/758/segmentation_repaired.stl,outputs/phase_b_mesh_qc/case_outputs/758/segmentation_smoothed.stl,True,0.5381908305333813,3.141592653589793,0.4756812551353673,3.1398647149653356,-0.0033728598208028174,0.04991641721416631,True
759,outputs/final_test_250/case_outputs/759/seg_mask_0.5.nii.gz,ok,3.0,8,True,0,4963.250774577081,3896.1814644609854,93.00000369548798,76.80000305175781,82.80000329017639,0.4242640855706679,0.6000000238418579,0.5882642360078958,outputs/phase_b_mesh_qc/case_outputs/759/segmentation_raw.stl,outputs/phase_b_mesh_qc/case_outputs/759/segmentation_repaired.stl,outputs/phase_b_mesh_qc/case_outputs/759/segmentation_smoothed.stl,True,0.5765346298926003,3.141592653589793,0.5254843316312632,3.1390293282076174,-0.0038527667388133947,0.05013292821876187,True
760,outputs/final_test_250/case_outputs/760/seg_mask_0.5.nii.gz,ok,3.0,10,True,0,9073.078470945751,7740.693922762551,117.60000467300415,85.80000340938568,93.00000369548798,0.4242640855706679,0.6000000238418579,0.5903204053482762,outputs/phase_b_mesh_qc/case_outputs/760/segmentation_raw.stl,outputs/phase_b_mesh_qc/case_outputs/760/segmentation_repaired.stl,outputs/phase_b_mesh_qc/case_outputs/760/segmentation_smoothed.stl,True,0.5713943089262099,3.141592653589793,0.519129723525288,3.1396316066729955,-0.0030682297560847413,0.0898233118750856,True
761,outputs/final_test_250/case_outputs/761/seg_mask_0.5.nii.gz,ok,3.0,6,True,0,9801.354654282737,8224.974980493347,105.00000417232513,102.00000405311584,84.00000333786011,0.4242640855706679,0.6000000238418579,0.5912737950167406,outputs/phase_b_mesh_qc/case_outputs/761/segmentation_raw.stl,outputs/phase_b_mesh_qc/case_outputs/761/segmentation_repaired.stl,outputs/phase_b_mesh_qc/case_outputs/761/segmentation_smoothed.stl,True,0.597137386593477,3.141592653589793,0.5412861648464263,3.1398635451762757,-0.002815081561979451,0.07161283665256424,True
762,outputs/final_test_250/case_outputs/762/seg_mask_0.5.nii.gz,ok,3.0,12,True,0,10011.637346490661,8374.527998321451,121.80000483989716,109.80000436306,103.20000410079956,0.4242640855706679,0.6000000238418579,0.5902125034025376,outputs/phase_b_mesh_qc/case_outputs/762/segmentation_raw.stl,outputs/phase_b_mesh_qc/case_outputs/762/segmentation_repaired.stl,outputs/phase_b_mesh_qc/case_outputs/762/segmentation_smoothed.stl,True,0.578132964050683,3.141592653589793,0.5289564675421907,3.1381437583848015,-0.003072207262686448,0.073266474193385,True
763,outputs/final_test_250/case_outputs/763/seg_mask_0.5.nii.gz,ok,3.0,11,True,0,10087.556862622872,8912.422062443424,112.80000448226929,110.40000438690186,93.00000369548798,0.4242640855706679,0.6000000238418579,0.5911725320168002,outputs/phase_b_mesh_qc/case_outputs/763/segmentation_raw.stl,outputs/phase_b_mesh_qc/case_outputs/763/segmentation_repaired.stl,outputs/phase_b_mesh_qc/case_outputs/763/segmentation_smoothed.stl,True,0.5792089499189624,3.141592653589793,0.5188939644818685,3.140925160226876,-0.0026848813509889424,0.0983462015060528,True
764,outputs/final_test_250/case_outputs/764/seg_mask_0.5.nii.gz,ok,3.0,5,True,0,12592.962719914029,11685.241392989212,114.60000455379486,105.00000417232513,86.40000343322754,0.4242640855706679,0.6000000238418579,0.5920171547798693,outputs/phase_b_mesh_qc/case_outputs/764/segmentation_raw.stl,outputs/phase_b_mesh_qc/case_outputs/764/segmentation_repaired.stl,outputs/phase_b_mesh_qc/case_outputs/764/segmentation_smoothed.stl,True,0.600651876933317,3.141592653589793,0.5472957292797026,3.140406657675808,-0.002107760840245414,0.12004734158776402,True
765,outputs/final_test_250/case_outputs/765/seg_mask_0.5.nii.gz,ok,3.0,3,True,0,7503.919561320988,5857.79469830349,104.40000414848328,98.4000039100647,89.40000355243683,0.4242640855706679,0.6000000238418579,0.5884057817559883,outputs/phase_b_mesh_qc/case_outputs/765/segmentation_raw.stl,outputs/phase_b_mesh_qc/case_outputs/765/segmentation_repaired.stl,outputs/phase_b_mesh_qc/case_outputs/765/segmentation_smoothed.stl,True,0.5702215559699759,3.141592653589793,0.5233460597317712,3.140813350143713,-0.003391888776559424,0.04409693380042616,True
766,outputs/final_test_250/case_outputs/766/seg_mask_0.5.nii.gz,ok,3.0,9,True,0,14055.363705402586,12892.366536889733,151.2000060081482,110.40000438690186,100.80000400543213,0.4242640855706679,0.6000000238418579,0.59157563273203,outputs/phase_b_mesh_qc/case_outputs/766/segmentation_raw.stl,outputs/phase_b_mesh_qc/case_outputs/766/segmentation_repaired.stl,outputs/phase_b_mesh_qc/case_outputs/766/segmentation_smoothed.stl,True,0.6003609330410519,3.141592653589793,0.5485768158040379,3.1409254272366214,-0.0022776987411591734,0.1150159217277962,True
767,outputs/final_test_250/case_outputs/767/seg_mask_0.5.nii.gz,ok,3.0,14,False,24,6308.7632395770215,not_watertight,139.50000554323196,84.60000336170197,93.3000037074089,0.4242640855706679,0.6000000238418579,0.5912324459921584,outputs/phase_b_mesh_qc/case_outputs/767/segmentation_raw.stl,outputs/phase_b_mesh_qc/case_outputs/767/segmentation_repaired.stl,outputs/phase_b_mesh_qc/case_outputs/767/segmentation_smoothed.stl,True,0.5897326687485975,3.141592653589793,0.533923304425197,3.140383671395381,not_watertight,0.04677244077374484,False
768,outputs/final_test_250/case_outputs/768/seg_mask_0.5.nii.gz,ok,3.0,15,False,28,7483.863626742814,not_watertight,145.50000578165054,116.40000462532043,99.00000393390656,0.4242640855706679,0.6000000238418579,0.5929061965711246,outputs/phase_b_mesh_qc/case_outputs/768/segmentation_raw.stl,outputs/phase_b_mesh_qc/case_outputs/768/segmentation_repaired.stl,outputs/phase_b_mesh_qc/case_outputs/768/segmentation_smoothed.stl,True,0.6110424433128472,3.141592653589793,0.5657587464411422,3.1399131902631185,not_watertight,0.09281702630801064,False
769,outputs/final_test_250/case_outputs/769/seg_mask_0.5.nii.gz,ok,3.0,7,False,142,9641.612204669907,not_watertight,114.60000455379486,96.00000381469727,83.70000332593918,0.4242640855706679,0.6000000238418579,0.5917200028577273,outputs/phase_b_mesh_qc/case_outputs/769/segmentation_raw.stl,outputs/phase_b_mesh_qc/case_outputs/769/segmentation_repaired.stl,outputs/phase_b_mesh_qc/case_outputs/769/segmentation_smoothed.stl,True,0.5784770798926825,3.141592653589793,0.5173338910181796,3.1404338858929393,not_watertight,0.09516907005223302,False
770,outputs/final_test_250/case_outputs/770/seg_mask_0.5.nii.gz,ok,3.0,9,True,0,13127.584792234187,11567.404378941947,127.80000507831573,96.60000383853912,93.60000371932983,0.4242640855706679,0.6000000238418579,0.5906890589190927,outputs/phase_b_mesh_qc/case_outputs/770/segmentation_raw.stl,outputs/phase_b_mesh_qc/case_outputs/770/segmentation_repaired.stl,outputs/phase_b_mesh_qc/case_outputs/770/segmentation_smoothed.stl,True,0.5866489684352407,3.141592653589793,0.5321759619619232,3.1376178408808872,-0.0024613027905713855,0.09908007565046548,True
771,outputs/final_test_250/case_outputs/771/seg_mask_0.5.nii.gz,ok,3.0,7,True,0,7806.619856452513,7014.645836210882,151.80000603199005,120.60000479221344,85.80000340938568,0.4242640855706679,0.6000000238418579,0.5900683850837606,outputs/phase_b_mesh_qc/case_outputs/771/segmentation_raw.stl,outputs/phase_b_mesh_qc/case_outputs/771/segmentation_repaired.stl,outputs/phase_b_mesh_qc/case_outputs/771/segmentation_smoothed.stl,True,0.5907957899200574,3.141592653589793,0.5404062568592816,3.1398647274913065,-0.002640314167749645,0.11131641121948264,True
772,outputs/final_test_250/case_outputs/772/seg_mask_0.5.nii.gz,ok,3.0,5,False,16,8496.891230389578,not_watertight,108.00000429153442,94.80000376701355,86.70000344514847,0.4242640855706679,0.6000000238418579,0.5916286101011305,outputs/phase_b_mesh_qc/case_outputs/772/segmentation_raw.stl,outputs/phase_b_mesh_qc/case_outputs/772/segmentation_repaired.stl,outputs/phase_b_mesh_qc/case_outputs/772/segmentation_smoothed.stl,True,0.592306786121702,3.141592653589793,0.5433986035801802,3.140541252469277,not_watertight,0.08622825125331761,False
773,outputs/final_test_250/case_outputs/773/seg_mask_0.5.nii.gz,ok,3.0,4,True,0,7258.539472960744,5942.898708448676,100.80000400543213,93.00000369548798,108.60000431537628,0.4242640855706679,0.6000000238418579,0.5913754300213796,outputs/phase_b_mesh_qc/case_outputs/773/segmentation_raw.stl,outputs/phase_b_mesh_qc/case_outputs/773/segmentation_repaired.stl,outputs/phase_b_mesh_qc/case_outputs/773/segmentation_smoothed.stl,True,0.5385796916300842,3.141592653589793,0.4751030687168507,3.1372826720665707,-0.0029336599574516778,0.05774924201890494,True
774,outputs/final_test_250/case_outputs/774/seg_mask_0.5.nii.gz,ok,3.0,13,True,0,7312.28776914144,6117.804729299099,112.20000445842743,84.00000333786011,100.20000398159027,0.4242640855706679,0.6000000238418579,0.5894019321785147,outputs/phase_b_mesh_qc/case_outputs/774/segmentation_raw.stl,outputs/phase_b_mesh_qc/case_outputs/774/segmentation_repaired.stl,outputs/phase_b_mesh_qc/case_outputs/774/segmentation_smoothed.stl,True,0.57577532188334,3.141592653589793,0.5162088948370015,3.140388164250871,-0.0032868921034581136,0.0732425596784811,True
775,outputs/final_test_250/case_outputs/775/seg_mask_0.5.nii.gz,ok,3.0,13,True,0,6349.337142456212,5305.788632499247,111.00000441074371,102.6000040769577,87.0000034570694,0.4242640855706679,0.6000000238418579,0.5911856549850469,outputs/phase_b_mesh_qc/case_outputs/775/segmentation_raw.stl,outputs/phase_b_mesh_qc/case_outputs/775/segmentation_repaired.stl,outputs/phase_b_mesh_qc/case_outputs/775/segmentation_smoothed.stl,True,0.6087618867404228,3.141592653589793,0.5600855177105881,3.1374342134446995,-0.0031625095714975355,0.07665881037031119,True
776,outputs/final_test_250/case_outputs/776/seg_mask_0.5.nii.gz,ok,3.0,8,True,0,8924.20455599025,7036.362838799752,109.20000433921814,93.00000369548798,88.20000350475311,0.4242640855706679,0.6000000238418579,0.589560663773455,outputs/phase_b_mesh_qc/case_outputs/776/segmentation_raw.stl,outputs/phase_b_mesh_qc/case_outputs/776/segmentation_repaired.stl,outputs/phase_b_mesh_qc/case_outputs/776/segmentation_smoothed.stl,True,0.5703259144315193,3.141592653589793,0.5155598367686125,3.1381123284595343,-0.0034424166980434115,0.05194141177178261,True
777,outputs/final_test_250/case_outputs/777/seg_mask_0.5.nii.gz,ok,3.0,9,True,0,7289.7579894146165,5592.924666728526,105.00000417232513,91.2000036239624,91.80000364780426,0.4242640855706679,0.6000000238418579,0.588880116732951,outputs/phase_b_mesh_qc/case_outputs/777/segmentation_raw.stl,outputs/phase_b_mesh_qc/case_outputs/777/segmentation_repaired.stl,outputs/phase_b_mesh_qc/case_outputs/777/segmentation_smoothed.stl,True,0.5815263414529123,3.141592653589793,0.5233597336865718,3.138832582810821,-0.0037986895635481258,0.044036558652466196,True
778,outputs/final_test_250/case_outputs/778/seg_mask_0.5.nii.gz,ok,3.0,10,True,0,7306.161107200811,5784.021689509061,98.4000039100647,85.20000338554382,100.20000398159027,0.4242640855706679,0.6000000238418579,0.5887881577313686,outputs/phase_b_mesh_qc/case_outputs/778/segmentation_raw.stl,outputs/phase_b_mesh_qc/case_outputs/778/segmentation_repaired.stl,outputs/phase_b_mesh_qc/case_outputs/778/segmentation_smoothed.stl,True,0.5600400399259123,3.141592653589793,0.5033461625489573,3.1362513126209266,-0.00342646169114901,0.05158410770469013,True
779,outputs/final_test_250/case_outputs/779/seg_mask_0.5.nii.gz,ok,3.0,9,True,0,9228.532183656862,7402.014882388864,143.40000569820404,105.60000419616699,99.00000393390656,0.4242640855706679,0.6000000238418579,0.5894097221063841,outputs/phase_b_mesh_qc/case_outputs/779/segmentation_raw.stl,outputs/phase_b_mesh_qc/case_outputs/779/segmentation_repaired.stl,outputs/phase_b_mesh_qc/case_outputs/779/segmentation_smoothed.stl,True,0.5820679499343077,3.141592653589793,0.5302617200659349,3.1366927713208694,-0.003185055657215304,0.05175521414470861,True
780,outputs/final_test_250/case_outputs/780/seg_mask_0.5.nii.gz,ok,3.0,11,True,0,10415.290613326344,8802.181049301666,109.80000436306,109.80000436306,86.40000343322754,0.4242640855706679,0.6000000238418579,0.590904023075258,outputs/phase_b_mesh_qc/case_outputs/780/segmentation_raw.stl,outputs/phase_b_mesh_qc/case_outputs/780/segmentation_repaired.stl,outputs/phase_b_mesh_qc/case_outputs/780/segmentation_smoothed.stl,True,0.5935330966065188,3.141592653589793,0.5443931291849419,3.137898364326795,-0.003021458732431436,0.0785537060679787,True
781,outputs/final_test_250/case_outputs/781/seg_mask_0.5.nii.gz,ok,3.0,5,True,0,7082.721008801129,5563.998663280276,105.00000417232513,106.80000424385071,75.00000298023224,0.4242640855706679,0.6000000238418579,0.5902920380525333,outputs/phase_b_mesh_qc/case_outputs/781/segmentation_raw.stl,outputs/phase_b_mesh_qc/case_outputs/781/segmentation_repaired.stl,outputs/phase_b_mesh_qc/case_outputs/781/segmentation_smoothed.stl,True,0.5827974344409379,3.141592653589793,0.5307241291041611,3.14032561648768,-0.0033955934144886176,0.04791421074647298,True
782,outputs/final_test_250/case_outputs/782/seg_mask_0.5.nii.gz,ok,3.0,13,True,0,10149.669651683484,8986.456071268962,117.00000464916229,83.40000331401825,92.40000367164612,0.4242640855706679,0.6000000238418579,0.5916761480439408,outputs/phase_b_mesh_qc/case_outputs/782/segmentation_raw.stl,outputs/phase_b_mesh_qc/case_outputs/782/segmentation_repaired.stl,outputs/phase_b_mesh_qc/case_outputs/782/segmentation_smoothed.stl,True,0.5808040851061579,3.141592653589793,0.5292902468466678,3.1402222037635714,-0.0029058038207161897,0.10861139994328387,True
783,outputs/final_test_250/case_outputs/783/seg_mask_0.5.nii.gz,ok,3.0,6,True,0,6767.012692243576,5532.7326595530785,102.00000405311584,87.60000348091125,82.20000326633453,0.4242640855706679,0.6000000238418579,0.5912679712654504,outputs/phase_b_mesh_qc/case_outputs/783/segmentation_raw.stl,outputs/phase_b_mesh_qc/case_outputs/783/segmentation_repaired.stl,outputs/phase_b_mesh_qc/case_outputs/783/segmentation_smoothed.stl,True,0.5977107398389934,3.141592653589793,0.5485436666761694,3.138423834498703,-0.003312690279590037,0.07343313296833723,True
784,outputs/final_test_250/case_outputs/784/seg_mask_0.5.nii.gz,ok,3.0,8,True,0,6854.4138997349655,5419.494646054057,93.60000371932983,91.2000036239624,87.0000034570694,0.4242640855706679,0.6000000238418579,0.588948975522494,outputs/phase_b_mesh_qc/case_outputs/784/segmentation_raw.stl,outputs/phase_b_mesh_qc/case_outputs/784/segmentation_repaired.stl,outputs/phase_b_mesh_qc/case_outputs/784/segmentation_smoothed.stl,True,0.5864510695265056,3.141592653589793,0.5304786644960414,3.139435580578162,-0.0034094909339164032,0.05194957261621326,True
785,outputs/final_test_250/case_outputs/785/seg_mask_0.5.nii.gz,ok,3.0,3,True,0,4945.454832938545,4325.283515613932,97.80000388622284,88.80000352859497,72.00000286102295,0.4242640855706679,0.6000000238418579,0.5894810125914729,outputs/phase_b_mesh_qc/case_outputs/785/segmentation_raw.stl,outputs/phase_b_mesh_qc/case_outputs/785/segmentation_repaired.stl,outputs/phase_b_mesh_qc/case_outputs/785/segmentation_smoothed.stl,True,0.5908497604926,3.141592653589793,0.5297133838866399,3.13791961205066,-0.002686879384443183,0.08546588732256005,True
786,outputs/final_test_250/case_outputs/786/seg_mask_0.5.nii.gz,ok,3.0,5,False,78,7341.039662039588,not_watertight,108.00000429153442,85.20000338554382,83.70000332593918,0.4242640855706679,0.6000000238418579,0.5912943885995082,outputs/phase_b_mesh_qc/case_outputs/786/segmentation_raw.stl,outputs/phase_b_mesh_qc/case_outputs/786/segmentation_repaired.stl,outputs/phase_b_mesh_qc/case_outputs/786/segmentation_smoothed.stl,True,0.5817115327635627,3.141592653589793,0.5259259978022612,3.1413877712203573,not_watertight,0.08475308026966889,False
787,outputs/final_test_250/case_outputs/787/seg_mask_0.5.nii.gz,ok,3.0,6,True,0,6811.900164476872,6184.719737275984,91.2000036239624,96.00000381469727,77.40000307559967,0.4242640855706679,0.6000000238418579,0.5932081841316208,outputs/phase_b_mesh_qc/case_outputs/787/segmentation_raw.stl,outputs/phase_b_mesh_qc/case_outputs/787/segmentation_repaired.stl,outputs/phase_b_mesh_qc/case_outputs/787/segmentation_smoothed.stl,True,0.569869310423647,3.141592653589793,0.5156000775703405,3.140856219365054,-0.0026973524755897395,0.12350939894841748,True
788,outputs/final_test_250/case_outputs/788/seg_mask_0.5.nii.gz,ok,3.0,13,True,0,10129.583075276594,8353.413995804467,108.60000431537628,85.80000340938568,112.80000448226929,0.4242640855706679,0.6000000238418579,0.5899900076735896,outputs/phase_b_mesh_qc/case_outputs/788/segmentation_raw.stl,outputs/phase_b_mesh_qc/case_outputs/788/segmentation_repaired.stl,outputs/phase_b_mesh_qc/case_outputs/788/segmentation_smoothed.stl,True,0.5574376350429463,3.141592653589793,0.49936501964817076,3.1368537645954486,-0.0031942836047807238,0.06979222163026105,True
789,outputs/final_test_250/case_outputs/789/seg_mask_0.5.nii.gz,ok,3.0,7,True,0,8370.444147142613,7235.811862575923,130.80000519752502,89.40000355243683,100.80000400543213,0.4242640855706679,0.6000000238418579,0.5908438165927478,outputs/phase_b_mesh_qc/case_outputs/789/segmentation_raw.stl,outputs/phase_b_mesh_qc/case_outputs/789/segmentation_repaired.stl,outputs/phase_b_mesh_qc/case_outputs/789/segmentation_smoothed.stl,True,0.5678426050395317,3.141592653589793,0.5096572510654538,3.1403978097192704,-0.0028366159916716985,0.08842858819387396,True
790,outputs/final_test_250/case_outputs/790/seg_mask_0.5.nii.gz,ok,3.0,5,True,0,8104.890321080877,6455.268769527942,103.80000412464142,77.40000307559967,117.00000464916229,0.4242640855706679,0.6000000238418579,0.5895675186009341,outputs/phase_b_mesh_qc/case_outputs/790/segmentation_raw.stl,outputs/phase_b_mesh_qc/case_outputs/790/segmentation_repaired.stl,outputs/phase_b_mesh_qc/case_outputs/790/segmentation_smoothed.stl,True,0.5562935402236299,3.141592653589793,0.49004714791251297,3.137350670027755,-0.003445216794981977,0.05424907343632129,True
791,outputs/final_test_250/case_outputs/791/seg_mask_0.5.nii.gz,ok,3.0,8,True,0,11043.307895968068,9073.009081586879,115.80000460147858,90.60000360012054,88.80000352859497,0.4242640855706679,0.6000000238418579,0.5916906197509656,outputs/phase_b_mesh_qc/case_outputs/791/segmentation_raw.stl,outputs/phase_b_mesh_qc/case_outputs/791/segmentation_repaired.stl,outputs/phase_b_mesh_qc/case_outputs/791/segmentation_smoothed.stl,True,0.5937420872704973,3.141592653589793,0.5425024424402536,3.1370045458558633,-0.0030367576219827424,0.06708100656557396,True
792,outputs/final_test_250/case_outputs/792/seg_mask_0.5.nii.gz,ok,3.0,11,True,0,6349.252089067063,5509.296656759291,115.20000457763672,94.80000376701355,85.80000340938568,0.4242640855706679,0.6000000238418579,0.5895098959259192,outputs/phase_b_mesh_qc/case_outputs/792/segmentation_raw.stl,outputs/phase_b_mesh_qc/case_outputs/792/segmentation_repaired.stl,outputs/phase_b_mesh_qc/case_outputs/792/segmentation_smoothed.stl,True,0.5777730071663316,3.141592653589793,0.5181587303503781,3.133267778728809,-0.0030570061123825327,0.10242193215509607,True
793,outputs/final_test_250/case_outputs/793/seg_mask_0.5.nii.gz,ok,3.0,9,True,0,5559.879799048849,4478.499533878704,98.4000039100647,79.8000031709671,82.80000329017639,0.4242640855706679,0.6000000238418579,0.5911250770087282,outputs/phase_b_mesh_qc/case_outputs/793/segmentation_raw.stl,outputs/phase_b_mesh_qc/case_outputs/793/segmentation_repaired.stl,outputs/phase_b_mesh_qc/case_outputs/793/segmentation_smoothed.stl,True,0.5932008653193502,3.141592653589793,0.5417865243437232,3.1383883011634626,-0.0036423045948605604,0.0704564785937057,True
794,outputs/final_test_250/case_outputs/794/seg_mask_0.5.nii.gz,ok,3.0,5,True,0,11526.170024886933,10933.939303427032,136.20000541210175,103.80000412464142,98.4000039100647,0.4242640855706679,0.6000000238418579,0.5921594766530964,outputs/phase_b_mesh_qc/case_outputs/794/segmentation_raw.stl,outputs/phase_b_mesh_qc/case_outputs/794/segmentation_repaired.stl,outputs/phase_b_mesh_qc/case_outputs/794/segmentation_smoothed.stl,True,0.5871524883075369,3.141592653589793,0.5326005909927194,3.140144715649869,-0.0020432761936321105,0.12688398177357169,True
795,outputs/final_test_250/case_outputs/795/seg_mask_0.5.nii.gz,ok,3.0,5,True,0,6717.4199020005435,5456.637650481847,115.20000457763672,87.60000348091125,90.00000357627869,0.4242640855706679,0.6000000238418579,0.5907897940368828,outputs/phase_b_mesh_qc/case_outputs/795/segmentation_raw.stl,outputs/phase_b_mesh_qc/case_outputs/795/segmentation_repaired.stl,outputs/phase_b_mesh_qc/case_outputs/795/segmentation_smoothed.stl,True,0.5857864082850573,3.141592653589793,0.5317405095267762,3.140232718033164,-0.003479537653033374,0.06779529393492273,True
796,outputs/final_test_250/case_outputs/796/seg_mask_0.5.nii.gz,ok,3.0,11,True,0,7833.641576342937,6720.597801157627,127.80000507831573,111.60000443458557,94.80000376701355,0.4242640855706679,0.6000000238418579,0.5891282868740362,outputs/phase_b_mesh_qc/case_outputs/796/segmentation_raw.stl,outputs/phase_b_mesh_qc/case_outputs/796/segmentation_repaired.stl,outputs/phase_b_mesh_qc/case_outputs/796/segmentation_smoothed.stl,True,0.578319268386789,3.141592653589793,0.5225748424466655,3.1398889555558207,-0.003188332629133015,0.09460994698308509,True
797,outputs/final_test_250/case_outputs/797/seg_mask_0.5.nii.gz,ok,3.0,10,True,0,8188.330969221008,6125.98573027435,99.00000393390656,83.40000331401825,87.0000034570694,0.4242640855706679,0.6000000238418579,0.5894327274421853,outputs/phase_b_mesh_qc/case_outputs/797/segmentation_raw.stl,outputs/phase_b_mesh_qc/case_outputs/797/segmentation_repaired.stl,outputs/phase_b_mesh_qc/case_outputs/797/segmentation_smoothed.stl,True,0.5766558477831628,3.141592653589793,0.523200851708795,3.141592653589793,-0.004215437993693338,0.0361167591411931,True
798,outputs/final_test_250/case_outputs/798/seg_mask_0.5.nii.gz,ok,3.0,39,False,26,11234.254350559511,not_watertight,169.20000672340393,148.80000591278076,116.70000463724136,0.4242640855706679,0.6000000238418579,0.5921304817250437,outputs/phase_b_mesh_qc/case_outputs/798/segmentation_raw.stl,outputs/phase_b_mesh_qc/case_outputs/798/segmentation_repaired.stl,outputs/phase_b_mesh_qc/case_outputs/798/segmentation_smoothed.stl,True,0.5990264090582882,3.141592653589793,0.5482721987511714,3.141592653589793,not_watertight,0.0904078398107016,False
799,outputs/final_test_250/case_outputs/799/seg_mask_0.5.nii.gz,ok,3.0,8,True,0,9605.605349475158,8051.121959768457,126.00000500679016,111.00000441074371,97.20000386238098,0.4242640855706679,0.6000000238418579,0.591349569816779,outputs/phase_b_mesh_qc/case_outputs/799/segmentation_raw.stl,outputs/phase_b_mesh_qc/case_outputs/799/segmentation_repaired.stl,outputs/phase_b_mesh_qc/case_outputs/799/segmentation_smoothed.stl,True,0.5809262339250194,3.141592653589793,0.518934390880901,3.1406433845424244,-0.0029104006836447377,0.07438430133017253,True
800,outputs/final_test_250/case_outputs/800/seg_mask_0.5.nii.gz,ok,3.0,6,True,0,10822.987053657915,9645.328149812623,148.2000058889389,133.8000053167343,96.60000383853912,0.4242640855706679,0.6000000238418579,0.5922104321840589,outputs/phase_b_mesh_qc/case_outputs/800/segmentation_raw.stl,outputs/phase_b_mesh_qc/case_outputs/800/segmentation_repaired.stl,outputs/phase_b_mesh_qc/case_outputs/800/segmentation_smoothed.stl,True,0.5826519698305418,3.141592653589793,0.5249202611169504,3.1409790636563133,-0.0023010009724351447,0.09699814863792647,True
801,outputs/final_test_250/case_outputs/801/seg_mask_0.5.nii.gz,ok,3.0,10,True,0,10384.268909184359,8303.994989913263,121.80000483989716,96.00000381469727,78.60000312328339,0.4242640855706679,0.6000000238418579,0.5922436090642923,outputs/phase_b_mesh_qc/case_outputs/801/segmentation_raw.stl,outputs/phase_b_mesh_qc/case_outputs/801/segmentation_repaired.stl,outputs/phase_b_mesh_qc/case_outputs/801/segmentation_smoothed.stl,True,0.5945200960404189,3.141592653589793,0.5491994325722925,3.141467045810804,-0.0031014387277322553,0.056657657198225304,True
802,outputs/final_test_250/case_outputs/802/seg_mask_0.5.nii.gz,ok,3.0,6,True,0,6932.07855055207,5972.454711972023,122.40000486373901,106.80000424385071,87.60000348091125,0.4242640855706679,0.6000000238418579,0.5897664425952663,outputs/phase_b_mesh_qc/case_outputs/802/segmentation_raw.stl,outputs/phase_b_mesh_qc/case_outputs/802/segmentation_repaired.stl,outputs/phase_b_mesh_qc/case_outputs/802/segmentation_smoothed.stl,True,0.5764403950479082,3.141592653589793,0.5161434280244308,3.1408410468603813,-0.0027023157787401963,0.07855747024338249,True
803,outputs/final_test_250/case_outputs/803/seg_mask_0.5.nii.gz,ok,3.0,29,True,0,8837.503711342832,6913.971824209603,172.20000684261322,153.60000610351562,111.60000443458557,0.4242640855706679,0.6000000238418579,0.5906374678562724,outputs/phase_b_mesh_qc/case_outputs/803/segmentation_raw.stl,outputs/phase_b_mesh_qc/case_outputs/803/segmentation_repaired.stl,outputs/phase_b_mesh_qc/case_outputs/803/segmentation_smoothed.stl,True,0.5716267155156405,3.141592653589793,0.5123631305518948,3.1398869519061385,-0.004365694254681556,0.05539777065200794,True
804,outputs/final_test_250/case_outputs/804/seg_mask_0.5.nii.gz,ok,3.0,9,True,0,6556.402803403058,5849.370697299267,105.60000419616699,95.40000379085541,87.0000034570694,0.4242640855706679,0.6000000238418579,0.5898662080482175,outputs/phase_b_mesh_qc/case_outputs/804/segmentation_raw.stl,outputs/phase_b_mesh_qc/case_outputs/804/segmentation_repaired.stl,outputs/phase_b_mesh_qc/case_outputs/804/segmentation_smoothed.stl,True,0.5829093488997817,3.141592653589793,0.5264574751821302,3.138392747632091,-0.002597964729307269,0.09902284863235133,True
805,outputs/final_test_250/case_outputs/805/seg_mask_0.5.nii.gz,ok,3.0,9,True,0,9144.57849753107,6867.48681866816,105.00000417232513,91.2000036239624,93.00000369548798,0.4242640855706679,0.6000000238418579,0.5903338024336585,outputs/phase_b_mesh_qc/case_outputs/805/segmentation_raw.stl,outputs/phase_b_mesh_qc/case_outputs/805/segmentation_repaired.stl,outputs/phase_b_mesh_qc/case_outputs/805/segmentation_smoothed.stl,True,0.5939546141957456,3.141592653589793,0.5436665812000323,3.1376354801769843,-0.003952419817999801,0.0384946765954828,True
806,outputs/final_test_250/case_outputs/806/seg_mask_0.5.nii.gz,ok,3.0,14,True,0,8669.96377458623,7236.70286268214,111.60000443458557,96.00000381469727,90.60000360012054,0.4242640855706679,0.6000000238418579,0.5900998615993089,outputs/phase_b_mesh_qc/case_outputs/806/segmentation_raw.stl,outputs/phase_b_mesh_qc/case_outputs/806/segmentation_repaired.stl,outputs/phase_b_mesh_qc/case_outputs/806/segmentation_smoothed.stl,True,0.5798125374631907,3.141592653589793,0.5225070392993059,3.1405194659248696,-0.00315453014102836,0.08107316501669498,True
807,outputs/final_test_250/case_outputs/807/seg_mask_0.5.nii.gz,ok,3.0,6,True,0,9180.43296122121,8274.582986407078,129.6000051498413,116.40000462532043,93.60000371932983,0.4242640855706679,0.6000000238418579,0.5910854849911396,outputs/phase_b_mesh_qc/case_outputs/807/segmentation_raw.stl,outputs/phase_b_mesh_qc/case_outputs/807/segmentation_repaired.stl,outputs/phase_b_mesh_qc/case_outputs/807/segmentation_smoothed.stl,True,0.5834712377027593,3.141592653589793,0.5259086561752427,3.137927648020083,-0.0024604376067560688,0.11242649135872217,True
808,outputs/final_test_250/case_outputs/808/seg_mask_0.5.nii.gz,ok,3.0,30,False,30,8569.702039769747,not_watertight,207.3000082373619,138.60000550746918,115.20000457763672,0.4242640855706679,0.6000000238418579,0.5905349830293756,outputs/phase_b_mesh_qc/case_outputs/808/segmentation_raw.stl,outputs/phase_b_mesh_qc/case_outputs/808/segmentation_repaired.stl,outputs/phase_b_mesh_qc/case_outputs/808/segmentation_smoothed.stl,True,0.6196200823080463,3.141592653589793,0.5667800507363283,3.141592653589793,not_watertight,0.10987419418964586,False
809,outputs/final_test_250/case_outputs/809/seg_mask_0.5.nii.gz,ok,3.0,8,True,0,2190.269541540114,1981.7642362446895,78.00000309944153,63.00000250339508,61.800002455711365,0.4242640855706679,0.6000000238418579,0.5899314866389369,outputs/phase_b_mesh_qc/case_outputs/809/segmentation_raw.stl,outputs/phase_b_mesh_qc/case_outputs/809/segmentation_repaired.stl,outputs/phase_b_mesh_qc/case_outputs/809/segmentation_smoothed.stl,True,0.5998919167605637,3.141592653589793,0.5404697493445978,3.138928947235466,-0.003533522223114236,0.13284765373901863,True
810,outputs/final_test_250/case_outputs/810/seg_mask_0.5.nii.gz,ok,3.0,14,True,0,8099.232576147478,6714.0998003830055,124.20000493526459,104.40000414848328,111.00000441074371,0.4242640855706679,0.6000000238418579,0.5904936185138709,outputs/phase_b_mesh_qc/case_outputs/810/segmentation_raw.stl,outputs/phase_b_mesh_qc/case_outputs/810/segmentation_repaired.stl,outputs/phase_b_mesh_qc/case_outputs/810/segmentation_smoothed.stl,True,0.5862259977070768,3.141592653589793,0.5312638417672948,3.1391316982260906,-0.003400380456577573,0.0768866733972741,True
811,outputs/final_test_250/case_outputs/811/seg_mask_0.5.nii.gz,ok,3.0,5,True,0,7316.1462287401155,6720.597801157627,106.20000422000885,91.2000036239624,78.60000312328339,0.4242640855706679,0.6000000238418579,0.5895016552547742,outputs/phase_b_mesh_qc/case_outputs/811/segmentation_raw.stl,outputs/phase_b_mesh_qc/case_outputs/811/segmentation_repaired.stl,outputs/phase_b_mesh_qc/case_outputs/811/segmentation_smoothed.stl,True,0.5597848441730641,3.141592653589793,0.49907936399009223,3.140925915510449,-0.0026259328588860162,0.11504144782636208,True
812,outputs/final_test_250/case_outputs/812/seg_mask_0.5.nii.gz,ok,3.0,13,True,0,10622.666737755992,10266.697223885581,172.20000684261322,130.20000517368317,80.40000319480896,0.4242640855706679,0.6000000238418579,0.5914610056942067,outputs/phase_b_mesh_qc/case_outputs/812/segmentation_raw.stl,outputs/phase_b_mesh_qc/case_outputs/812/segmentation_repaired.stl,outputs/phase_b_mesh_qc/case_outputs/812/segmentation_smoothed.stl,True,0.5962095010271747,3.141592653589793,0.5434006139392327,3.1404176585351795,-0.002445494558731079,0.1492961250596065,True
813,outputs/final_test_250/case_outputs/813/seg_mask_0.5.nii.gz,ok,3.0,8,True,0,6194.1695683025655,5119.533610295919,110.40000438690186,89.40000355243683,88.20000350475311,0.4242640855706679,0.6000000238418579,0.5899458063914558,outputs/phase_b_mesh_qc/case_outputs/813/segmentation_raw.stl,outputs/phase_b_mesh_qc/case_outputs/813/segmentation_repaired.stl,outputs/phase_b_mesh_qc/case_outputs/813/segmentation_smoothed.stl,True,0.582969356690019,3.141592653589793,0.5233059416058313,3.13916683422932,-0.003155939548979813,0.06989158321608872,True
814,outputs/final_test_250/case_outputs/814/seg_mask_0.5.nii.gz,ok,3.0,6,True,0,10263.08026380371,9358.363115603732,160.20000636577606,117.60000467300415,88.20000350475311,0.4242640855706679,0.6000000238418579,0.5918639473594097,outputs/phase_b_mesh_qc/case_outputs/814/segmentation_raw.stl,outputs/phase_b_mesh_qc/case_outputs/814/segmentation_repaired.stl,outputs/phase_b_mesh_qc/case_outputs/814/segmentation_smoothed.stl,True,0.6105123786170562,3.141592653589793,0.5545818246281831,3.1398470576465796,-0.0024204580468354113,0.11128783059165683,True
815,outputs/final_test_250/case_outputs/815/seg_mask_0.5.nii.gz,ok,3.0,14,True,0,10478.108799789825,9470.476128968641,111.00000441074371,83.40000331401825,105.60000419616699,0.4242640855706679,0.6000000238418579,0.5907021994643037,outputs/phase_b_mesh_qc/case_outputs/815/segmentation_raw.stl,outputs/phase_b_mesh_qc/case_outputs/815/segmentation_repaired.stl,outputs/phase_b_mesh_qc/case_outputs/815/segmentation_smoothed.stl,True,0.5694377761344519,3.141592653589793,0.5124953882571905,3.1409833346336256,-0.0027031371806636203,0.10609019687072081,True
816,outputs/final_test_250/case_outputs/816/seg_mask_0.5.nii.gz,ok,3.0,6,True,0,5973.46085921737,4847.17557782831,118.20000469684601,88.20000350475311,97.80000388622284,0.4242640855706679,0.6000000238418579,0.5920004116562967,outputs/phase_b_mesh_qc/case_outputs/816/segmentation_raw.stl,outputs/phase_b_mesh_qc/case_outputs/816/segmentation_repaired.stl,outputs/phase_b_mesh_qc/case_outputs/816/segmentation_smoothed.stl,True,0.5481985853327742,3.141592653589793,0.486122230088643,3.141592653589793,-0.003067404911816891,0.05949466689980766,True
817,outputs/final_test_250/case_outputs/817/seg_mask_0.5.nii.gz,ok,3.0,14,True,0,8695.442850145046,7146.378851914679,133.20000529289246,80.40000319480896,81.60000324249268,0.4242640855706679,0.6000000238418579,0.591875234227691,outputs/phase_b_mesh_qc/case_outputs/817/segmentation_raw.stl,outputs/phase_b_mesh_qc/case_outputs/817/segmentation_repaired.stl,outputs/phase_b_mesh_qc/case_outputs/817/segmentation_smoothed.stl,True,0.5656611045037415,3.141592653589793,0.5067702919094268,3.1414089823771536,-0.0030906559500114717,0.06261493741472385,True
818,outputs/final_test_250/case_outputs/818/seg_mask_0.5.nii.gz,ok,3.0,10,True,0,7274.1230276526085,6808.8158116740315,143.40000569820404,128.4000051021576,89.40000355243683,0.4242640855706679,0.6000000238418579,0.588297274353456,outputs/phase_b_mesh_qc/case_outputs/818/segmentation_raw.stl,outputs/phase_b_mesh_qc/case_outputs/818/segmentation_repaired.stl,outputs/phase_b_mesh_qc/case_outputs/818/segmentation_smoothed.stl,True,0.5843558114493222,3.141592653589793,0.5234405815208457,3.138313518200113,-0.002356662080223502,0.12507807620237352,True
819,outputs/final_test_250/case_outputs/819/seg_mask_0.5.nii.gz,ok,3.0,8,True,0,9477.482308265982,9388.459119191453,128.4000051021576,112.80000448226929,84.00000333786011,0.4242640855706679,0.6000000238418579,0.5907841354351293,outputs/phase_b_mesh_qc/case_outputs/819/segmentation_raw.stl,outputs/phase_b_mesh_qc/case_outputs/819/segmentation_repaired.stl,outputs/phase_b_mesh_qc/case_outputs/819/segmentation_smoothed.stl,True,0.6043240342948081,3.141592653589793,0.5414849064693901,3.1409195621910895,-0.002081220553723554,0.15323514059414928,True
820,outputs/final_test_250/case_outputs/820/seg_mask_0.5.nii.gz,ok,3.0,13,True,0,7645.99556785129,6676.740795929468,127.80000507831573,92.40000367164612,84.00000333786011,0.4242640855706679,0.6000000238418579,0.5918427437196798,outputs/phase_b_mesh_qc/case_outputs/820/segmentation_raw.stl,outputs/phase_b_mesh_qc/case_outputs/820/segmentation_repaired.stl,outputs/phase_b_mesh_qc/case_outputs/820/segmentation_smoothed.stl,True,0.6082495825428585,3.141592653589793,0.5593138467987356,3.1408106534017057,-0.003133552186244185,0.09827728688576695,True
821,outputs/final_test_250/case_outputs/821/seg_mask_0.5.nii.gz,ok,3.0,6,False,6,6026.90190636012,not_watertight,96.60000383853912,126.00000500679016,130.5000051856041,0.4242640855706679,0.6000000238418579,0.5921448994085905,outputs/phase_b_mesh_qc/case_outputs/821/segmentation_raw.stl,outputs/phase_b_mesh_qc/case_outputs/821/segmentation_repaired.stl,outputs/phase_b_mesh_qc/case_outputs/821/segmentation_smoothed.stl,True,0.5871106749646949,3.141592653589793,0.5306935292280139,3.1399186520811933,not_watertight,0.12501966955153423,False
822,outputs/final_test_250/case_outputs/822/seg_mask_0.5.nii.gz,ok,3.0,16,True,0,10616.562639704229,-9678.637153783362,171.9000068306923,132.00000524520874,109.20000433921814,0.4242640855706679,0.6000000238418579,0.5901299486660937,outputs/phase_b_mesh_qc/case_outputs/822/segmentation_raw.stl,outputs/phase_b_mesh_qc/case_outputs/822/segmentation_repaired.stl,outputs/phase_b_mesh_qc/case_outputs/822/segmentation_smoothed.stl,True,0.5832731433819937,3.141592653589793,0.5246914847448649,3.139823914374949,-0.0026616961688138686,0.11531535488404779,True
823,outputs/final_test_250/case_outputs/823/seg_mask_0.5.nii.gz,ok,3.0,9,True,0,7800.303524064484,6601.644786977323,104.40000414848328,95.40000379085541,79.8000031709671,0.4242640855706679,0.6000000238418579,0.5909436965276511,outputs/phase_b_mesh_qc/case_outputs/823/segmentation_raw.stl,outputs/phase_b_mesh_qc/case_outputs/823/segmentation_repaired.stl,outputs/phase_b_mesh_qc/case_outputs/823/segmentation_smoothed.stl,True,0.5953645115466667,3.141592653589793,0.538656380321193,3.134242021829353,-0.0028448562408998905,0.07789913266945069,True
824,outputs/final_test_250/case_outputs/824/seg_mask_0.5.nii.gz,ok,3.0,6,True,0,6374.907966586595,5263.767627489949,109.80000436306,92.40000367164612,97.80000388622284,0.4242640855706679,0.6000000238418579,0.5893270399299282,outputs/phase_b_mesh_qc/case_outputs/824/segmentation_raw.stl,outputs/phase_b_mesh_qc/case_outputs/824/segmentation_repaired.stl,outputs/phase_b_mesh_qc/case_outputs/824/segmentation_smoothed.stl,True,0.5740304052531761,3.141592653589793,0.5204184451080763,3.1394096872144583,-0.0031624869423740186,0.06796311953939686,True
825,outputs/final_test_250/case_outputs/825/seg_mask_0.5.nii.gz,ok,3.0,7,True,0,7108.154694316472,6272.0107476818885,106.80000424385071,118.20000469684601,78.60000312328339,0.4242640855706679,0.6000000238418579,0.5912347693218708,outputs/phase_b_mesh_qc/case_outputs/825/segmentation_raw.stl,outputs/phase_b_mesh_qc/case_outputs/825/segmentation_repaired.stl,outputs/phase_b_mesh_qc/case_outputs/825/segmentation_smoothed.stl,True,0.5773443380783684,3.141592653589793,0.5198210136137918,3.1405488592346202,-0.00278461332658036,0.09526873708808886,True
826,outputs/final_test_250/case_outputs/826/seg_mask_0.5.nii.gz,ok,3.0,8,True,0,12318.16623685179,10863.72129505639,150.00000596046448,111.00000441074371,83.40000331401825,0.4242640855706679,0.6000000238418579,0.5926605797093389,outputs/phase_b_mesh_qc/case_outputs/826/segmentation_raw.stl,outputs/phase_b_mesh_qc/case_outputs/826/segmentation_repaired.stl,outputs/phase_b_mesh_qc/case_outputs/826/segmentation_smoothed.stl,True,0.5835515223897735,3.141592653589793,0.530814907293608,3.1405869517742864,-0.0028043327904626442,0.11338453420882921,True
827,outputs/final_test_250/case_outputs/827/seg_mask_0.5.nii.gz,ok,3.0,10,True,0,8985.145546319123,7415.78488403038,143.40000569820404,119.40000474452972,105.00000417232513,0.4242640855706679,0.6000000238418579,0.5897959890244173,outputs/phase_b_mesh_qc/case_outputs/827/segmentation_raw.stl,outputs/phase_b_mesh_qc/case_outputs/827/segmentation_repaired.stl,outputs/phase_b_mesh_qc/case_outputs/827/segmentation_smoothed.stl,True,0.5659751034682967,3.141592653589793,0.5053639140622801,3.141592653589793,-0.003283202350141372,0.06856751042797554,True
828,outputs/final_test_250/case_outputs/828/seg_mask_0.5.nii.gz,ok,3.0,11,True,0,10679.112489028568,9480.448130157398,123.60000491142273,102.00000405311584,87.60000348091125,0.4242640855706679,0.6000000238418579,0.5918466199208017,outputs/phase_b_mesh_qc/case_outputs/828/segmentation_raw.stl,outputs/phase_b_mesh_qc/case_outputs/828/segmentation_repaired.stl,outputs/phase_b_mesh_qc/case_outputs/828/segmentation_smoothed.stl,True,0.594562883935132,3.141592653589793,0.5413348189349321,3.141592653589793,-0.00280364557473241,0.11112106819607492,True
829,outputs/final_test_250/case_outputs/829/seg_mask_0.5.nii.gz,ok,3.0,12,True,0,10332.141241234503,8784.595047205248,153.60000610351562,151.80000603199005,83.40000331401825,0.4242640855706679,0.6000000238418579,0.5903408197853925,outputs/phase_b_mesh_qc/case_outputs/829/segmentation_raw.stl,outputs/phase_b_mesh_qc/case_outputs/829/segmentation_repaired.stl,outputs/phase_b_mesh_qc/case_outputs/829/segmentation_smoothed.stl,True,0.5894278259147702,3.141592653589793,0.5360830724743237,3.140964372661008,-0.0029823926339526334,0.07981934985267836,True
830,outputs/final_test_250/case_outputs/830/seg_mask_0.5.nii.gz,ok,3.0,7,True,0,7399.400800010134,6052.005721455246,111.60000443458557,111.60000443458557,85.80000340938568,0.4242640855706679,0.6000000238418579,0.5895810703206773,outputs/phase_b_mesh_qc/case_outputs/830/segmentation_raw.stl,outputs/phase_b_mesh_qc/case_outputs/830/segmentation_repaired.stl,outputs/phase_b_mesh_qc/case_outputs/830/segmentation_smoothed.stl,True,0.5736302118622528,3.141592653589793,0.5254525077221638,3.141055805877911,-0.003136046997846575,0.056975766914133634,True
831,outputs/final_test_250/case_outputs/831/seg_mask_0.5.nii.gz,ok,3.0,7,True,0,9528.859319974357,9060.625080110593,115.80000460147858,97.80000388622284,103.80000412464142,0.4242640855706679,0.6000000238418579,0.5912278347474285,outputs/phase_b_mesh_qc/case_outputs/831/segmentation_raw.stl,outputs/phase_b_mesh_qc/case_outputs/831/segmentation_repaired.stl,outputs/phase_b_mesh_qc/case_outputs/831/segmentation_smoothed.stl,True,0.5777382605253116,3.141592653589793,0.5203642535557943,3.1381593427848027,-0.0022041260973045588,0.1350735397772661,True
832,outputs/final_test_250/case_outputs/832/seg_mask_0.5.nii.gz,ok,3.0,3,True,0,9942.52325982938,8880.724058664726,122.40000486373901,93.60000371932983,88.80000352859497,0.4242640855706679,0.6000000238418579,0.5912501790601269,outputs/phase_b_mesh_qc/case_outputs/832/segmentation_raw.stl,outputs/phase_b_mesh_qc/case_outputs/832/segmentation_repaired.stl,outputs/phase_b_mesh_qc/case_outputs/832/segmentation_smoothed.stl,True,0.5883712762088626,3.141592653589793,0.5316048537214306,3.1405554983743964,-0.0022266265782513715,0.09684986595174262,True
833,outputs/final_test_250/case_outputs/833/seg_mask_0.5.nii.gz,ok,3.0,6,True,0,8069.440035263662,7135.776850650822,116.40000462532043,90.00000357627869,82.20000326633453,0.4242640855706679,0.6000000238418579,0.5905434036353231,outputs/phase_b_mesh_qc/case_outputs/833/segmentation_raw.stl,outputs/phase_b_mesh_qc/case_outputs/833/segmentation_repaired.stl,outputs/phase_b_mesh_qc/case_outputs/833/segmentation_smoothed.stl,True,0.5863516076754652,3.141592653589793,0.5318597514327895,3.1397537549996537,-0.002362658330760657,0.09232738857295977,True
834,outputs/final_test_250/case_outputs/834/seg_mask_0.5.nii.gz,ok,3.0,6,True,0,9763.582696434732,8352.324995674651,103.20000410079956,109.20000433921814,93.60000371932983,0.4242640855706679,0.6000000238418579,0.5902290851750777,outputs/phase_b_mesh_qc/case_outputs/834/segmentation_raw.stl,outputs/phase_b_mesh_qc/case_outputs/834/segmentation_repaired.stl,outputs/phase_b_mesh_qc/case_outputs/834/segmentation_smoothed.stl,True,0.5800513360316542,3.141592653589793,0.525913499788551,3.140435765504181,-0.002959227163238395,0.09694538252545515,True
835,outputs/final_test_250/case_outputs/835/seg_mask_0.5.nii.gz,ok,3.0,9,True,0,6915.442982717203,6149.358733060629,111.00000441074371,90.60000360012054,84.00000333786011,0.4242640855706679,0.6000000238418579,0.5911938954648386,outputs/phase_b_mesh_qc/case_outputs/835/segmentation_raw.stl,outputs/phase_b_mesh_qc/case_outputs/835/segmentation_repaired.stl,outputs/phase_b_mesh_qc/case_outputs/835/segmentation_smoothed.stl,True,0.5927352059860771,3.141592653589793,0.5285331356928754,3.1407049621674514,-0.0028619471507883775,0.10780283928016303,True
836,outputs/final_test_250/case_outputs/836/seg_mask_0.5.nii.gz,ok,3.0,8,True,0,6291.5318355405425,5355.5136384269235,109.20000433921814,87.0000034570694,99.00000393390656,0.4242640855706679,0.6000000238418579,0.5882072273969026,outputs/phase_b_mesh_qc/case_outputs/836/segmentation_raw.stl,outputs/phase_b_mesh_qc/case_outputs/836/segmentation_repaired.stl,outputs/phase_b_mesh_qc/case_outputs/836/segmentation_smoothed.stl,True,0.5818142419551503,3.141592653589793,0.5192000458313407,3.139193904729946,-0.003330931942864603,0.08533301655183337,True
837,outputs/final_test_250/case_outputs/837/seg_mask_0.5.nii.gz,ok,3.0,5,True,0,9143.21603446691,8390.41300021509,100.80000400543213,94.80000376701355,86.40000343322754,0.4242640855706679,0.6000000238418579,0.5894057563568551,outputs/phase_b_mesh_qc/case_outputs/837/segmentation_raw.stl,outputs/phase_b_mesh_qc/case_outputs/837/segmentation_repaired.stl,outputs/phase_b_mesh_qc/case_outputs/837/segmentation_smoothed.stl,True,0.587300232662355,3.141592653589793,0.5280041679907205,3.141066290927216,-0.0023775032467336582,0.11861142784745977,True
838,outputs/final_test_250/case_outputs/838/seg_mask_0.5.nii.gz,ok,3.0,9,True,0,7984.53024408728,6457.113769747884,97.80000388622284,76.20000302791595,97.20000386238098,0.4242640855706679,0.6000000238418579,0.5903687527848326,outputs/phase_b_mesh_qc/case_outputs/838/segmentation_raw.stl,outputs/phase_b_mesh_qc/case_outputs/838/segmentation_repaired.stl,outputs/phase_b_mesh_qc/case_outputs/838/segmentation_smoothed.stl,True,0.5622683467184731,3.141592653589793,0.508245323270396,3.1400329730230796,-0.0034196623869194058,0.07041468611703,True
839,outputs/final_test_250/case_outputs/839/seg_mask_0.5.nii.gz,ok,3.0,4,True,0,7404.36592459895,6100.920727286371,105.60000419616699,100.80000400543213,99.00000393390656,0.4242640855706679,0.6000000238418579,0.5894220154484748,outputs/phase_b_mesh_qc/case_outputs/839/segmentation_raw.stl,outputs/phase_b_mesh_qc/case_outputs/839/segmentation_repaired.stl,outputs/phase_b_mesh_qc/case_outputs/839/segmentation_smoothed.stl,True,0.5640633957693246,3.141592653589793,0.5078445115086179,3.132127741354983,-0.0030571647650792545,0.06273896419881822,True
840,outputs/final_test_250/case_outputs/840/seg_mask_0.5.nii.gz,ok,3.0,12,True,0,8642.155467221928,7155.5408530068735,119.40000474452972,99.60000395774841,87.0000034570694,0.4242640855706679,0.6000000238418579,0.5921066574914814,outputs/phase_b_mesh_qc/case_outputs/840/segmentation_raw.stl,outputs/phase_b_mesh_qc/case_outputs/840/segmentation_repaired.stl,outputs/phase_b_mesh_qc/case_outputs/840/segmentation_smoothed.stl,True,0.5780166544100113,3.141592653589793,0.523339134464607,3.141592653589793,-0.0031548551845650926,0.07345536401871927,True
841,outputs/final_test_250/case_outputs/841/seg_mask_0.5.nii.gz,ok,3.0,6,True,0,6073.2650825397295,5085.243606208227,93.00000369548798,87.0000034570694,82.80000329017639,0.4242640855706679,0.6000000238418579,0.5880937006653647,outputs/phase_b_mesh_qc/case_outputs/841/segmentation_raw.stl,outputs/phase_b_mesh_qc/case_outputs/841/segmentation_repaired.stl,outputs/phase_b_mesh_qc/case_outputs/841/segmentation_smoothed.stl,True,0.587036620351812,3.141592653589793,0.5317028233752192,3.1366891833583543,-0.002639844731786487,0.06842742103725956,True
842,outputs/final_test_250/case_outputs/842/seg_mask_0.5.nii.gz,ok,3.0,11,True,0,8433.22692508213,6698.205798488293,108.00000429153442,99.00000393390656,96.00000381469727,0.4242640855706679,0.6000000238418579,0.5899470764521181,outputs/phase_b_mesh_qc/case_outputs/842/segmentation_raw.stl,outputs/phase_b_mesh_qc/case_outputs/842/segmentation_repaired.stl,outputs/phase_b_mesh_qc/case_outputs/842/segmentation_smoothed.stl,True,0.575024807029726,3.141592653589793,0.520973585060031,3.138247839019293,-0.0033729149761514885,0.05396694998262189,True
843,outputs/final_test_250/case_outputs/843/seg_mask_0.5.nii.gz,ok,3.0,13,True,0,6677.636828445,6082.59672510198,101.40000402927399,97.80000388622284,76.80000305175781,0.4242640855706679,0.6000000238418579,0.5908671202630617,outputs/phase_b_mesh_qc/case_outputs/843/segmentation_raw.stl,outputs/phase_b_mesh_qc/case_outputs/843/segmentation_repaired.stl,outputs/phase_b_mesh_qc/case_outputs/843/segmentation_smoothed.stl,True,0.5952501193231514,3.141592653589793,0.5376547001873101,3.140976415308859,-0.0030673524681090734,0.11684136967155835,True
844,outputs/final_test_250/case_outputs/844/seg_mask_0.5.nii.gz,ok,3.0,12,True,0,7745.111704066477,7326.774873419558,156.60000622272491,141.0000056028366,88.80000352859497,0.4242640855706679,0.6000000238418579,0.5905015398120116,outputs/phase_b_mesh_qc/case_outputs/844/segmentation_raw.stl,outputs/phase_b_mesh_qc/case_outputs/844/segmentation_repaired.stl,outputs/phase_b_mesh_qc/case_outputs/844/segmentation_smoothed.stl,True,0.594635286566322,3.141592653589793,0.5404306397191132,3.1403791757515105,-0.002560609884443574,0.13995819543633514,True
845,outputs/final_test_250/case_outputs/845/seg_mask_0.5.nii.gz,ok,3.0,8,False,10,9063.943197992925,not_watertight,138.60000550746918,112.20000445842743,128.10000509023666,0.4242640855706679,0.6000000238418579,0.5891630710553565,outputs/phase_b_mesh_qc/case_outputs/845/segmentation_raw.stl,outputs/phase_b_mesh_qc/case_outputs/845/segmentation_repaired.stl,outputs/phase_b_mesh_qc/case_outputs/845/segmentation_smoothed.stl,True,0.5575824504103484,3.141592653589793,0.4936424004355839,3.138286508261934,not_watertight,0.061769132800741,False
846,outputs/final_test_250/case_outputs/846/seg_mask_0.5.nii.gz,ok,3.0,5,True,0,7548.854507511523,6190.902738013061,114.000004529953,85.80000340938568,91.2000036239624,0.4242640855706679,0.6000000238418579,0.5909564919983127,outputs/phase_b_mesh_qc/case_outputs/846/segmentation_raw.stl,outputs/phase_b_mesh_qc/case_outputs/846/segmentation_repaired.stl,outputs/phase_b_mesh_qc/case_outputs/846/segmentation_smoothed.stl,True,0.5694345540610511,3.141592653589793,0.5155909466045738,3.1408391109533564,-0.002876842427009726,0.0647060837413126,True
847,outputs/final_test_250/case_outputs/847/seg_mask_0.5.nii.gz,ok,3.0,10,True,0,7486.807327754363,6518.83577710572,142.20000565052032,121.80000483989716,102.00000405311584,0.4242640855706679,0.6000000238418579,0.590820101088972,outputs/phase_b_mesh_qc/case_outputs/847/segmentation_raw.stl,outputs/phase_b_mesh_qc/case_outputs/847/segmentation_repaired.stl,outputs/phase_b_mesh_qc/case_outputs/847/segmentation_smoothed.stl,True,0.5681178275738528,3.141592653589793,0.5034044581842007,3.137883728764092,-0.002931752417745131,0.1000813669650122,True
848,outputs/final_test_250/case_outputs/848/seg_mask_0.5.nii.gz,ok,3.0,4,True,0,4646.495841331851,3832.8754569143225,115.80000460147858,140.40000557899475,72.60000288486481,0.4242640855706679,0.6000000238418579,0.5890029681171681,outputs/phase_b_mesh_qc/case_outputs/848/segmentation_raw.stl,outputs/phase_b_mesh_qc/case_outputs/848/segmentation_repaired.stl,outputs/phase_b_mesh_qc/case_outputs/848/segmentation_smoothed.stl,True,0.5726081286347694,3.141592653589793,0.5189028159212777,3.139962601082766,-0.002921687762527307,0.062078496406854616,True
849,outputs/final_test_250/case_outputs/849/seg_mask_0.5.nii.gz,ok,3.0,12,True,0,10800.847402902235,8966.449068883941,114.000004529953,98.4000039100647,92.40000367164612,0.4242640855706679,0.6000000238418579,0.5919449505895807,outputs/phase_b_mesh_qc/case_outputs/849/segmentation_raw.stl,outputs/phase_b_mesh_qc/case_outputs/849/segmentation_repaired.stl,outputs/phase_b_mesh_qc/case_outputs/849/segmentation_smoothed.stl,True,0.5727202657501609,3.141592653589793,0.5148488935319523,3.1395713876596165,-0.003237225095342897,0.07274747618034376,True
850,outputs/final_test_250/case_outputs/850/seg_mask_0.5.nii.gz,ok,3.0,18,True,0,5796.83336519701,4658.400555324573,138.60000550746918,94.20000374317169,94.20000374317169,0.4242640855706679,0.6000000238418579,0.5902994548558218,outputs/phase_b_mesh_qc/case_outputs/850/segmentation_raw.stl,outputs/phase_b_mesh_qc/case_outputs/850/segmentation_repaired.stl,outputs/phase_b_mesh_qc/case_outputs/850/segmentation_smoothed.stl,True,0.6003925325316458,3.141592653589793,0.5535871514831836,3.136716610145784,-0.004215132794477388,0.07720237825080561,True
851,outputs/final_test_250/case_outputs/851/seg_mask_0.5.nii.gz,ok,3.0,4,True,0,7634.400185809776,6887.2958210295765,111.00000441074371,102.6000040769577,82.20000326633453,0.4242640855706679,0.6000000238418579,0.5895609531873409,outputs/phase_b_mesh_qc/case_outputs/851/segmentation_raw.stl,outputs/phase_b_mesh_qc/case_outputs/851/segmentation_repaired.stl,outputs/phase_b_mesh_qc/case_outputs/851/segmentation_smoothed.stl,True,0.574610800400481,3.141592653589793,0.5164180480396191,3.1385377240278647,-0.002404007889417417,0.10328537022170073,True
852,outputs/final_test_250/case_outputs/852/seg_mask_0.5.nii.gz,ok,3.0,33,True,0,10552.440535297907,9817.174170298264,151.2000060081482,132.00000524520874,84.60000336170197,0.4242640855706679,0.6000000238418579,0.591332286257762,outputs/phase_b_mesh_qc/case_outputs/852/segmentation_raw.stl,outputs/phase_b_mesh_qc/case_outputs/852/segmentation_repaired.stl,outputs/phase_b_mesh_qc/case_outputs/852/segmentation_smoothed.stl,True,0.606443334229497,3.141592653589793,0.5543520444614523,3.140729114478372,-0.0028655121007756593,0.13561083327921022,True
853,outputs/final_test_250/case_outputs/853/seg_mask_0.5.nii.gz,ok,3.0,6,True,0,6336.820553649476,5844.744696747807,116.40000462532043,94.80000376701355,82.20000326633453,0.4242640855706679,0.6000000238418579,0.5922696633861053,outputs/phase_b_mesh_qc/case_outputs/853/segmentation_raw.stl,outputs/phase_b_mesh_qc/case_outputs/853/segmentation_repaired.stl,outputs/phase_b_mesh_qc/case_outputs/853/segmentation_smoothed.stl,True,0.5605539038637284,3.141592653589793,0.4977326720347748,3.141592653589793,-0.0023654901049774864,0.11621729796601535,True
854,outputs/final_test_250/case_outputs/854/seg_mask_0.5.nii.gz,ok,3.0,4,True,0,7098.642458291986,5666.148675457506,108.00000429153442,90.60000360012054,88.20000350475311,0.4242640855706679,0.6000000238418579,0.5900134862534315,outputs/phase_b_mesh_qc/case_outputs/854/segmentation_raw.stl,outputs/phase_b_mesh_qc/case_outputs/854/segmentation_repaired.stl,outputs/phase_b_mesh_qc/case_outputs/854/segmentation_smoothed.stl,True,0.566500803538198,3.141592653589793,0.5121170923051873,3.1371115402533003,-0.0032931359609692057,0.057608248963275675,True
855,outputs/final_test_250/case_outputs/855/seg_mask_0.5.nii.gz,ok,3.0,26,False,52,10471.02502601796,not_watertight,156.30000621080399,115.20000457763672,135.30000537633896,0.4242640855706679,0.6000000238418579,0.5904426666450848,outputs/phase_b_mesh_qc/case_outputs/855/segmentation_raw.stl,outputs/phase_b_mesh_qc/case_outputs/855/segmentation_repaired.stl,outputs/phase_b_mesh_qc/case_outputs/855/segmentation_smoothed.stl,True,0.5829844714469289,3.141592653589793,0.5294068697162428,3.1407940201733817,not_watertight,0.10090743241642382,False
856,outputs/final_test_250/case_outputs/856/seg_mask_0.5.nii.gz,ok,3.0,23,False,10,9060.575749393302,not_watertight,181.50000721216202,137.40000545978546,85.20000338554382,0.4242640855706679,0.6000000238418579,0.5902753893744284,outputs/phase_b_mesh_qc/case_outputs/856/segmentation_raw.stl,outputs/phase_b_mesh_qc/case_outputs/856/segmentation_repaired.stl,outputs/phase_b_mesh_qc/case_outputs/856/segmentation_smoothed.stl,True,0.5792758918126892,3.141592653589793,0.5200903781843541,3.1394369424241195,not_watertight,0.11150655536074111,False
857,outputs/final_test_250/case_outputs/857/seg_mask_0.5.nii.gz,ok,3.0,10,True,0,12901.684235123163,10734.544279657292,126.00000500679016,112.20000445842743,89.40000355243683,0.4242640855706679,0.6000000238418579,0.5904952693798551,outputs/phase_b_mesh_qc/case_outputs/857/segmentation_raw.stl,outputs/phase_b_mesh_qc/case_outputs/857/segmentation_repaired.stl,outputs/phase_b_mesh_qc/case_outputs/857/segmentation_smoothed.stl,True,0.6035890117945878,3.141592653589793,0.552765022400571,3.139452427441225,-0.0028461196732307535,0.06452250187680272,True
858,outputs/final_test_250/case_outputs/858/seg_mask_0.5.nii.gz,ok,3.0,9,True,0,7178.093922613449,5961.123710621264,114.60000455379486,93.60000371932983,85.20000338554382,0.4242640855706679,0.6000000238418579,0.5895723979199902,outputs/phase_b_mesh_qc/case_outputs/858/segmentation_raw.stl,outputs/phase_b_mesh_qc/case_outputs/858/segmentation_repaired.stl,outputs/phase_b_mesh_qc/case_outputs/858/segmentation_smoothed.stl,True,0.6000686026452726,3.141592653589793,0.5530115797804827,3.140061125254199,-0.0030184524848073787,0.07326866361084461,True
859,outputs/final_test_250/case_outputs/859/seg_mask_0.5.nii.gz,ok,3.0,7,True,0,10770.91584387639,9188.398095342318,134.40000534057617,105.00000417232513,110.40000438690186,0.4242640855706679,0.6000000238418579,0.5909863050700452,outputs/phase_b_mesh_qc/case_outputs/859/segmentation_raw.stl,outputs/phase_b_mesh_qc/case_outputs/859/segmentation_repaired.stl,outputs/phase_b_mesh_qc/case_outputs/859/segmentation_smoothed.stl,True,0.5848566363674504,3.141592653589793,0.5267172281667617,3.139972540371799,-0.003023059721121428,0.08627695433347185,True
860,outputs/final_test_250/case_outputs/860/seg_mask_0.5.nii.gz,ok,3.0,11,True,0,8091.665834677208,7165.296854169875,148.2000058889389,112.20000445842743,86.40000343322754,0.4242640855706679,0.6000000238418579,0.5904684858847011,outputs/phase_b_mesh_qc/case_outputs/860/segmentation_raw.stl,outputs/phase_b_mesh_qc/case_outputs/860/segmentation_repaired.stl,outputs/phase_b_mesh_qc/case_outputs/860/segmentation_smoothed.stl,True,0.5917259611684866,3.141592653589793,0.5412766579997084,3.141592653589793,-0.0029400556191199394,0.11514648813579406,True
861,outputs/final_test_250/case_outputs/861/seg_mask_0.5.nii.gz,ok,3.0,14,False,20,4224.561464849441,not_watertight,167.10000663995743,91.2000036239624,84.60000336170197,0.4242640855706679,0.6000000238418579,0.5909477525919433,outputs/phase_b_mesh_qc/case_outputs/861/segmentation_raw.stl,outputs/phase_b_mesh_qc/case_outputs/861/segmentation_repaired.stl,outputs/phase_b_mesh_qc/case_outputs/861/segmentation_smoothed.stl,True,0.5857780188586996,3.141592653589793,0.5362467151625376,3.139406547228156,not_watertight,0.07184822521419829,False
862,outputs/final_test_250/case_outputs/862/seg_mask_0.5.nii.gz,ok,3.0,5,True,0,9862.857719313086,8646.985030800863,162.00000643730164,118.20000469684601,107.40000426769257,0.4242640855706679,0.6000000238418579,0.591944065918176,outputs/phase_b_mesh_qc/case_outputs/862/segmentation_raw.stl,outputs/phase_b_mesh_qc/case_outputs/862/segmentation_repaired.stl,outputs/phase_b_mesh_qc/case_outputs/862/segmentation_smoothed.stl,True,0.5723818885577749,3.141592653589793,0.5125392556356125,3.140206172809949,-0.002602203223308033,0.09279261586802828,True
863,outputs/final_test_250/case_outputs/863/seg_mask_0.5.nii.gz,ok,3.0,10,True,0,7969.182683469105,6530.526778499392,134.40000534057617,102.6000040769577,117.60000467300415,0.4242640855706679,0.6000000238418579,0.591147956735208,outputs/phase_b_mesh_qc/case_outputs/863/segmentation_raw.stl,outputs/phase_b_mesh_qc/case_outputs/863/segmentation_repaired.stl,outputs/phase_b_mesh_qc/case_outputs/863/segmentation_smoothed.stl,True,0.5987556314405211,3.141592653589793,0.5496775099000648,3.141592653589793,-0.003073309936772451,0.06294001232845603,True
864,outputs/final_test_250/case_outputs/864/seg_mask_0.5.nii.gz,ok,3.0,8,True,0,10107.987740306478,9199.036096610469,125.4000049829483,89.40000355243683,102.00000405311584,0.4242640855706679,0.6000000238418579,0.5896113128160151,outputs/phase_b_mesh_qc/case_outputs/864/segmentation_raw.stl,outputs/phase_b_mesh_qc/case_outputs/864/segmentation_repaired.stl,outputs/phase_b_mesh_qc/case_outputs/864/segmentation_smoothed.stl,True,0.5750074464800878,3.141592653589793,0.5196989592326433,3.140387962976017,-0.0023965333650037804,0.10897495147425824,True
865,outputs/final_test_250/case_outputs/865/seg_mask_0.5.nii.gz,ok,3.0,8,True,0,6559.902614133331,5639.175672242072,138.60000550746918,96.60000383853912,93.00000369548798,0.4242640855706679,0.6000000238418579,0.5892869609097559,outputs/phase_b_mesh_qc/case_outputs/865/segmentation_raw.stl,outputs/phase_b_mesh_qc/case_outputs/865/segmentation_repaired.stl,outputs/phase_b_mesh_qc/case_outputs/865/segmentation_smoothed.stl,True,0.5838661863235808,3.141592653589793,0.5317003551940365,3.1394359142970036,-0.003018644386772201,0.08287542340986075,True
866,outputs/final_test_250/case_outputs/866/seg_mask_0.5.nii.gz,ok,3.0,8,True,0,9484.984034570716,8541.712018251339,135.6000053882599,116.40000462532043,85.20000338554382,0.4242640855706679,0.6000000238418579,0.5898343486059914,outputs/phase_b_mesh_qc/case_outputs/866/segmentation_raw.stl,outputs/phase_b_mesh_qc/case_outputs/866/segmentation_repaired.stl,outputs/phase_b_mesh_qc/case_outputs/866/segmentation_smoothed.stl,True,0.5724169206969825,3.141592653589793,0.5153724082656453,3.1411557246352495,-0.002493333804767648,0.10479958199596924,True
867,outputs/final_test_250/case_outputs/867/seg_mask_0.5.nii.gz,ok,3.0,21,False,58,12225.743833385603,not_watertight,116.40000462532043,99.00000393390656,119.70000475645065,0.4242640855706679,0.6000000238418579,0.5924382802482485,outputs/phase_b_mesh_qc/case_outputs/867/segmentation_raw.stl,outputs/phase_b_mesh_qc/case_outputs/867/segmentation_repaired.stl,outputs/phase_b_mesh_qc/case_outputs/867/segmentation_smoothed.stl,True,0.583349540711654,3.141592653589793,0.5289980066876565,3.1405817502491336,not_watertight,0.15520868924095022,False
868,outputs/final_test_250/case_outputs/868/seg_mask_0.5.nii.gz,ok,3.0,14,False,36,4459.958591952214,not_watertight,173.70000690221786,91.80000364780426,70.20000278949738,0.4242640855706679,0.6000000238418579,0.5892284384557357,outputs/phase_b_mesh_qc/case_outputs/868/segmentation_raw.stl,outputs/phase_b_mesh_qc/case_outputs/868/segmentation_repaired.stl,outputs/phase_b_mesh_qc/case_outputs/868/segmentation_smoothed.stl,True,0.5690022175637783,3.141592653589793,0.5162020109106187,3.141592653589793,not_watertight,0.05821294160495326,False
869,outputs/final_test_250/case_outputs/869/seg_mask_0.5.nii.gz,ok,3.0,13,True,0,8934.371771128697,7798.167929613987,140.40000557899475,104.40000414848328,87.60000348091125,0.4242640855706679,0.6000000238418579,0.5920942336553976,outputs/phase_b_mesh_qc/case_outputs/869/segmentation_raw.stl,outputs/phase_b_mesh_qc/case_outputs/869/segmentation_repaired.stl,outputs/phase_b_mesh_qc/case_outputs/869/segmentation_smoothed.stl,True,0.5940365962125035,3.141592653589793,0.5418083951605219,3.141592653589793,-0.002979937496667716,0.09729214859164512,True
870,outputs/final_test_250/case_outputs/870/seg_mask_0.5.nii.gz,ok,3.0,9,False,10,6946.317205556124,not_watertight,140.10000556707382,83.40000331401825,85.20000338554382,0.4242640855706679,0.6000000238418579,0.5883673356809873,outputs/phase_b_mesh_qc/case_outputs/870/segmentation_raw.stl,outputs/phase_b_mesh_qc/case_outputs/870/segmentation_repaired.stl,outputs/phase_b_mesh_qc/case_outputs/870/segmentation_smoothed.stl,True,0.5960439212416423,3.141592653589793,0.5490261691534798,3.1390241131058785,not_watertight,0.08758310871518418,False
871,outputs/final_test_250/case_outputs/871/seg_mask_0.5.nii.gz,ok,3.0,9,True,0,7849.981300870325,6896.997822186146,100.80000400543213,83.40000331401825,100.80000400543213,0.4242640855706679,0.6000000238418579,0.589071469923503,outputs/phase_b_mesh_qc/case_outputs/871/segmentation_raw.stl,outputs/phase_b_mesh_qc/case_outputs/871/segmentation_repaired.stl,outputs/phase_b_mesh_qc/case_outputs/871/segmentation_smoothed.stl,True,0.5729461148694704,3.141592653589793,0.5088530378623606,3.141491016613124,-0.0029616243870222926,0.10129310344827586,True
872,outputs/final_test_250/case_outputs/872/seg_mask_0.5.nii.gz,ok,3.0,15,True,0,7085.842899300126,5659.209674630314,120.00000476837158,106.80000424385071,94.20000374317169,0.4242640855706679,0.6000000238418579,0.5912136912952675,outputs/phase_b_mesh_qc/case_outputs/872/segmentation_raw.stl,outputs/phase_b_mesh_qc/case_outputs/872/segmentation_repaired.stl,outputs/phase_b_mesh_qc/case_outputs/872/segmentation_smoothed.stl,True,0.5717350588458558,3.141592653589793,0.5163523695558672,3.140287836992258,-0.003901982706073378,0.07018986395574825,True
873,outputs/final_test_250/case_outputs/873/seg_mask_0.5.nii.gz,ok,3.0,14,False,16,8912.802052706054,not_watertight,164.70000654459,139.20000553131104,93.3000037074089,0.4242640855706679,0.6000000238418579,0.5913704886348181,outputs/phase_b_mesh_qc/case_outputs/873/segmentation_raw.stl,outputs/phase_b_mesh_qc/case_outputs/873/segmentation_repaired.stl,outputs/phase_b_mesh_qc/case_outputs/873/segmentation_smoothed.stl,True,0.5984764160755758,3.141592653589793,0.5418676435591233,3.140749102100306,not_watertight,0.20310209796329112,False
874,outputs/final_test_250/case_outputs/874/seg_mask_0.5.nii.gz,ok,3.0,7,True,0,7109.507514605813,5959.449710421711,107.40000426769257,104.40000414848328,80.40000319480896,0.4242640855706679,0.6000000238418579,0.5885530021975729,outputs/phase_b_mesh_qc/case_outputs/874/segmentation_raw.stl,outputs/phase_b_mesh_qc/case_outputs/874/segmentation_repaired.stl,outputs/phase_b_mesh_qc/case_outputs/874/segmentation_smoothed.stl,True,0.5853554199805178,3.141592653589793,0.5338287475254018,3.141249048907318,-0.0030410952719913697,0.0750151240169389,True
875,outputs/final_test_250/case_outputs/875/seg_mask_0.5.nii.gz,ok,3.0,7,True,0,9873.0348439101,8488.009011849443,106.80000424385071,97.80000388622284,85.80000340938568,0.4242640855706679,0.6000000238418579,0.5904001520308743,outputs/phase_b_mesh_qc/case_outputs/875/segmentation_raw.stl,outputs/phase_b_mesh_qc/case_outputs/875/segmentation_repaired.stl,outputs/phase_b_mesh_qc/case_outputs/875/segmentation_smoothed.stl,True,0.5741097029595063,3.141592653589793,0.516074407665781,3.1378326606095586,-0.0028676950013962394,0.09047726193154829,True
876,outputs/final_test_250/case_outputs/876/seg_mask_0.5.nii.gz,ok,3.0,10,True,0,7094.749228155945,5737.230683931142,125.4000049829483,102.6000040769577,92.40000367164612,0.4242640855706679,0.6000000238418579,0.5904667658691775,outputs/phase_b_mesh_qc/case_outputs/876/segmentation_raw.stl,outputs/phase_b_mesh_qc/case_outputs/876/segmentation_repaired.stl,outputs/phase_b_mesh_qc/case_outputs/876/segmentation_smoothed.stl,True,0.5934393623527912,3.141592653589793,0.543382063590781,3.139884054969352,-0.003241202385069374,0.06194886174962181,True
877,outputs/final_test_250/case_outputs/877/seg_mask_0.5.nii.gz,ok,3.0,9,True,0,8222.83632007426,6681.69079651955,129.6000051498413,96.00000381469727,94.80000376701355,0.4242640855706679,0.6000000238418579,0.5904795942735558,outputs/phase_b_mesh_qc/case_outputs/877/segmentation_raw.stl,outputs/phase_b_mesh_qc/case_outputs/877/segmentation_repaired.stl,outputs/phase_b_mesh_qc/case_outputs/877/segmentation_smoothed.stl,True,0.5640429620438591,3.141592653589793,0.5065777816235263,3.1389584831151054,-0.0031292962883643066,0.059789500380421,True
878,outputs/final_test_250/case_outputs/878/seg_mask_0.5.nii.gz,ok,3.0,9,True,0,7423.16060014315,6434.919767102154,114.60000455379486,84.60000336170197,86.40000343322754,0.4242640855706679,0.6000000238418579,0.5889644547389568,outputs/phase_b_mesh_qc/case_outputs/878/segmentation_raw.stl,outputs/phase_b_mesh_qc/case_outputs/878/segmentation_repaired.stl,outputs/phase_b_mesh_qc/case_outputs/878/segmentation_smoothed.stl,True,0.5827600630344338,3.141592653589793,0.5241123343890578,3.137936169515611,-0.002885520338238314,0.08841765055075523,True
879,outputs/final_test_250/case_outputs/879/seg_mask_0.5.nii.gz,ok,3.0,3,True,0,8371.631226816766,7765.128925675428,125.4000049829483,108.60000431537628,100.80000400543213,0.4242640855706679,0.6000000238418579,0.5898850781134779,outputs/phase_b_mesh_qc/case_outputs/879/segmentation_raw.stl,outputs/phase_b_mesh_qc/case_outputs/879/segmentation_repaired.stl,outputs/phase_b_mesh_qc/case_outputs/879/segmentation_smoothed.stl,True,0.590250908156816,3.141592653589793,0.535625566331026,3.137398278024661,-0.0020840548027187783,0.12023998685003562,True
880,outputs/final_test_250/case_outputs/880/seg_mask_0.5.nii.gz,ok,3.0,9,True,0,5902.7245511003875,4908.222585105678,112.20000445842743,89.40000355243683,81.00000321865082,0.4242640855706679,0.6000000238418579,0.5903398460411465,outputs/phase_b_mesh_qc/case_outputs/880/segmentation_raw.stl,outputs/phase_b_mesh_qc/case_outputs/880/segmentation_repaired.stl,outputs/phase_b_mesh_qc/case_outputs/880/segmentation_smoothed.stl,True,0.5786825932351768,3.141592653589793,0.5282262459885895,3.140891926746792,-0.0029199827957465696,0.06922910818397754,True
881,outputs/final_test_250/case_outputs/881/seg_mask_0.5.nii.gz,ok,3.0,13,True,0,7930.019934261557,6540.516779690301,118.20000469684601,85.80000340938568,93.60000371932983,0.4242640855706679,0.6000000238418579,0.5911456444773411,outputs/phase_b_mesh_qc/case_outputs/881/segmentation_raw.stl,outputs/phase_b_mesh_qc/case_outputs/881/segmentation_repaired.stl,outputs/phase_b_mesh_qc/case_outputs/881/segmentation_smoothed.stl,True,0.5831204872765724,3.141592653589793,0.5303530501752292,3.13856574515492,-0.0034211992916539182,0.07321891191709845,True
882,outputs/final_test_250/case_outputs/882/seg_mask_0.5.nii.gz,ok,3.0,12,True,0,10332.799605176051,9786.997166700892,120.00000476837158,111.60000443458557,89.40000355243683,0.4242640855706679,0.6000000238418579,0.5899884614290997,outputs/phase_b_mesh_qc/case_outputs/882/segmentation_raw.stl,outputs/phase_b_mesh_qc/case_outputs/882/segmentation_repaired.stl,outputs/phase_b_mesh_qc/case_outputs/882/segmentation_smoothed.stl,True,0.584588271535146,3.141592653589793,0.5260735844610864,3.1386905007925474,-0.002282189489034703,0.12771833681280445,True
883,outputs/final_test_250/case_outputs/883/seg_mask_0.5.nii.gz,ok,3.0,7,True,0,7842.121502477522,5961.960710721044,121.80000483989716,100.80000400543213,91.80000364780426,0.4242640855706679,0.6000000238418579,0.5890789061056603,outputs/phase_b_mesh_qc/case_outputs/883/segmentation_raw.stl,outputs/phase_b_mesh_qc/case_outputs/883/segmentation_repaired.stl,outputs/phase_b_mesh_qc/case_outputs/883/segmentation_smoothed.stl,True,0.5727085801777078,3.141592653589793,0.5199735555763598,3.1374048407352255,-0.003804519853408677,0.04406971801048604,True
884,outputs/final_test_250/case_outputs/884/seg_mask_0.5.nii.gz,ok,3.0,4,True,0,4878.9220546860315,4115.925490656515,101.40000402927399,83.40000331401825,81.00000321865082,0.4242640855706679,0.6000000238418579,0.5891700876019813,outputs/phase_b_mesh_qc/case_outputs/884/segmentation_raw.stl,outputs/phase_b_mesh_qc/case_outputs/884/segmentation_repaired.stl,outputs/phase_b_mesh_qc/case_outputs/884/segmentation_smoothed.stl,True,0.6051574760114863,3.141592653589793,0.554323324064387,3.1408324730234534,-0.0027750179029792732,0.07714506570471528,True
885,outputs/final_test_250/case_outputs/885/seg_mask_0.5.nii.gz,ok,3.0,12,True,0,7050.871803932063,5713.047681048299,138.60000550746918,102.6000040769577,88.80000352859497,0.4242640855706679,0.6000000238418579,0.5885681602919953,outputs/phase_b_mesh_qc/case_outputs/885/segmentation_raw.stl,outputs/phase_b_mesh_qc/case_outputs/885/segmentation_repaired.stl,outputs/phase_b_mesh_qc/case_outputs/885/segmentation_smoothed.stl,True,0.5957592354977866,3.141592653589793,0.5523954558804496,3.139525921172264,-0.0033328795507895745,0.06514971835161577,True
886,outputs/final_test_250/case_outputs/886/seg_mask_0.5.nii.gz,ok,3.0,9,True,0,11464.17923119004,9237.295101171292,110.40000438690186,91.80000364780426,85.80000340938568,0.4242640855706679,0.6000000238418579,0.5910514617555291,outputs/phase_b_mesh_qc/case_outputs/886/segmentation_raw.stl,outputs/phase_b_mesh_qc/case_outputs/886/segmentation_repaired.stl,outputs/phase_b_mesh_qc/case_outputs/886/segmentation_smoothed.stl,True,0.5933421589877831,3.141592653589793,0.5431465501348316,3.140470083282783,-0.0032836179433370755,0.06812607449856733,True
887,outputs/final_test_250/case_outputs/887/seg_mask_0.5.nii.gz,ok,3.0,17,True,0,8885.30261176992,8579.530022759596,168.00000667572021,98.4000039100647,114.60000455379486,0.4242640855706679,0.6000000238418579,0.5883111392194021,outputs/phase_b_mesh_qc/case_outputs/887/segmentation_raw.stl,outputs/phase_b_mesh_qc/case_outputs/887/segmentation_repaired.stl,outputs/phase_b_mesh_qc/case_outputs/887/segmentation_smoothed.stl,True,0.571063449657481,3.141592653589793,0.5145852928037711,3.139502352842631,-0.002569694455636997,0.15365545281007512,True
888,outputs/final_test_250/case_outputs/888/seg_mask_0.5.nii.gz,ok,3.0,6,True,0,5510.213817379573,4633.794552391315,112.80000448226929,94.80000376701355,87.60000348091125,0.4242640855706679,0.6000000238418579,0.5884379424026445,outputs/phase_b_mesh_qc/case_outputs/888/segmentation_raw.stl,outputs/phase_b_mesh_qc/case_outputs/888/segmentation_repaired.stl,outputs/phase_b_mesh_qc/case_outputs/888/segmentation_smoothed.stl,True,0.5863360683610865,3.141592653589793,0.5347777100698345,3.1398428232334505,-0.003033909299940173,0.07674003569303986,True
889,outputs/final_test_250/case_outputs/889/seg_mask_0.5.nii.gz,ok,3.0,8,True,0,6005.776290482294,4933.602588131213,104.40000414848328,81.60000324249268,102.00000405311584,0.4242640855706679,0.6000000238418579,0.5894775430054796,outputs/phase_b_mesh_qc/case_outputs/889/segmentation_raw.stl,outputs/phase_b_mesh_qc/case_outputs/889/segmentation_repaired.stl,outputs/phase_b_mesh_qc/case_outputs/889/segmentation_smoothed.stl,True,0.5823030645729228,3.141592653589793,0.5222673055500956,3.136692997213513,-0.0032114927568321658,0.06859670976332632,True
890,outputs/final_test_250/case_outputs/890/seg_mask_0.5.nii.gz,ok,3.0,2,True,0,5937.033296698326,4998.213595833443,101.40000402927399,81.60000324249268,85.20000338554382,0.4242640855706679,0.6000000238418579,0.5893830335237957,outputs/phase_b_mesh_qc/case_outputs/890/segmentation_raw.stl,outputs/phase_b_mesh_qc/case_outputs/890/segmentation_repaired.stl,outputs/phase_b_mesh_qc/case_outputs/890/segmentation_smoothed.stl,True,0.5877773412022357,3.141592653589793,0.5382298331375689,3.13822908225465,-0.0026434726012904814,0.07376283846872082,True
891,outputs/final_test_250/case_outputs/891/seg_mask_0.5.nii.gz,ok,3.0,8,True,0,6277.39530379286,4893.660583369757,100.20000398159027,81.00000321865082,94.20000374317169,0.4242640855706679,0.6000000238418579,0.5893664219418144,outputs/phase_b_mesh_qc/case_outputs/891/segmentation_raw.stl,outputs/phase_b_mesh_qc/case_outputs/891/segmentation_repaired.stl,outputs/phase_b_mesh_qc/case_outputs/891/segmentation_smoothed.stl,True,0.5685216925736833,3.141592653589793,0.5141905948890035,3.1409019119685593,-0.003628218538298004,0.050905319562680955,True
892,outputs/final_test_250/case_outputs/892/seg_mask_0.5.nii.gz,ok,3.0,27,True,0,10077.09981316357,8659.189032255692,123.60000491142273,113.40000450611115,90.00000357627869,0.4242640855706679,0.6000000238418579,0.5897557746032348,outputs/phase_b_mesh_qc/case_outputs/892/segmentation_raw.stl,outputs/phase_b_mesh_qc/case_outputs/892/segmentation_repaired.stl,outputs/phase_b_mesh_qc/case_outputs/892/segmentation_smoothed.stl,True,0.5872140334725047,3.141592653589793,0.5364959952465957,3.1383233031510587,-0.003736458596068588,0.10883188093606189,True
893,outputs/final_test_250/case_outputs/893/seg_mask_0.5.nii.gz,ok,3.0,7,True,0,8023.345711370027,7602.795906323824,150.60000598430634,123.00000488758087,101.40000402927399,0.4242640855706679,0.6000000238418579,0.5905799545846885,outputs/phase_b_mesh_qc/case_outputs/893/segmentation_raw.stl,outputs/phase_b_mesh_qc/case_outputs/893/segmentation_repaired.stl,outputs/phase_b_mesh_qc/case_outputs/893/segmentation_smoothed.stl,True,0.595037284272612,3.141592653589793,0.5325504388222938,3.1394314647400656,-0.0024688764007287896,0.1346056976548945,True
894,outputs/final_test_250/case_outputs/894/seg_mask_0.5.nii.gz,ok,3.0,12,True,0,9111.859937516449,8541.631018241687,133.20000529289246,109.80000436306,91.2000036239624,0.4242640855706679,0.6000000238418579,0.5903684341868525,outputs/phase_b_mesh_qc/case_outputs/894/segmentation_raw.stl,outputs/phase_b_mesh_qc/case_outputs/894/segmentation_repaired.stl,outputs/phase_b_mesh_qc/case_outputs/894/segmentation_smoothed.stl,True,0.5875833720564844,3.141592653589793,0.53198379751792,3.139305024471144,-0.0024767679400929375,0.13513109733323372,True
895,outputs/final_test_250/case_outputs/895/seg_mask_0.5.nii.gz,ok,3.0,14,True,0,9563.552334924938,7820.667932296194,106.20000422000885,99.00000393390656,73.20000290870667,0.4242640855706679,0.6000000238418579,0.5909825285664203,outputs/phase_b_mesh_qc/case_outputs/895/segmentation_raw.stl,outputs/phase_b_mesh_qc/case_outputs/895/segmentation_repaired.stl,outputs/phase_b_mesh_qc/case_outputs/895/segmentation_smoothed.stl,True,0.6079188551304554,3.141592653589793,0.5612335603665402,3.1406386159702144,-0.0032634324141957087,0.07176709546377792,True
896,outputs/final_test_250/case_outputs/896/seg_mask_0.5.nii.gz,ok,3.0,12,True,0,5093.899164189078,3901.032465039271,107.40000426769257,86.40000343322754,94.20000374317169,0.4242640855706679,0.6000000238418579,0.5890035119152909,outputs/phase_b_mesh_qc/case_outputs/896/segmentation_raw.stl,outputs/phase_b_mesh_qc/case_outputs/896/segmentation_repaired.stl,outputs/phase_b_mesh_qc/case_outputs/896/segmentation_smoothed.stl,True,0.6097518471570631,3.141592653589793,0.5602653755159369,3.1411108793580595,-0.004271643649583465,0.04645873944119558,True
897,outputs/final_test_250/case_outputs/897/seg_mask_0.5.nii.gz,ok,3.0,8,True,0,8781.08018592555,7411.752883549722,108.60000431537628,93.00000369548798,85.80000340938568,0.4242640855706679,0.6000000238418579,0.5906360286485045,outputs/phase_b_mesh_qc/case_outputs/897/segmentation_raw.stl,outputs/phase_b_mesh_qc/case_outputs/897/segmentation_repaired.stl,outputs/phase_b_mesh_qc/case_outputs/897/segmentation_smoothed.stl,True,0.5870247388346885,3.141592653589793,0.5348004290001297,3.1384969278188812,-0.0028090055099085436,0.07344438720018318,True
898,outputs/final_test_250/case_outputs/898/seg_mask_0.5.nii.gz,ok,3.0,4,True,0,9824.621954944056,8674.246034050624,109.20000433921814,98.4000039100647,79.20000314712524,0.4242640855706679,0.6000000238418579,0.5894345394116275,outputs/phase_b_mesh_qc/case_outputs/898/segmentation_raw.stl,outputs/phase_b_mesh_qc/case_outputs/898/segmentation_repaired.stl,outputs/phase_b_mesh_qc/case_outputs/898/segmentation_smoothed.stl,True,0.5876783610836088,3.141592653589793,0.5314126611644334,3.139683116575644,-0.0023843133275176127,0.09330916927899686,True
899,outputs/final_test_250/case_outputs/899/seg_mask_0.5.nii.gz,ok,3.0,8,True,0,6992.122533620793,6587.334785271439,120.60000479221344,99.60000395774841,95.40000379085541,0.4242640855706679,0.6000000238418579,0.5884103821642174,outputs/phase_b_mesh_qc/case_outputs/899/segmentation_raw.stl,outputs/phase_b_mesh_qc/case_outputs/899/segmentation_repaired.stl,outputs/phase_b_mesh_qc/case_outputs/899/segmentation_smoothed.stl,True,0.5899697836485883,3.141592653589793,0.5294146895277129,3.1401099814860722,-0.0024821167649911103,0.13501033324722295,True
900,outputs/final_test_250/case_outputs/900/seg_mask_0.5.nii.gz,ok,3.0,3,True,0,7068.019427660857,5982.138713126446,106.80000424385071,92.40000367164612,78.60000312328339,0.4242640855706679,0.6000000238418579,0.5902573478890075,outputs/phase_b_mesh_qc/case_outputs/900/segmentation_raw.stl,outputs/phase_b_mesh_qc/case_outputs/900/segmentation_repaired.stl,outputs/phase_b_mesh_qc/case_outputs/900/segmentation_smoothed.stl,True,0.566482101516958,3.141592653589793,0.5135487065001222,3.1376295404580463,-0.002885645820564844,0.07411610340792227,True
901,outputs/final_test_250/case_outputs/901/seg_mask_0.5.nii.gz,ok,3.0,15,True,0,8314.260813603887,6978.015831844244,142.80000567436218,113.40000450611115,108.60000431537628,0.4242640855706679,0.6000000238418579,0.5917348317376951,outputs/phase_b_mesh_qc/case_outputs/901/segmentation_raw.stl,outputs/phase_b_mesh_qc/case_outputs/901/segmentation_repaired.stl,outputs/phase_b_mesh_qc/case_outputs/901/segmentation_smoothed.stl,True,0.6114114456832581,3.141592653589793,0.5614362536245735,3.14045212055149,-0.003352994425900885,0.07512079496763606,True
902,outputs/final_test_250/case_outputs/902/seg_mask_0.5.nii.gz,ok,3.0,9,True,0,10291.849057031812,8232.759981421392,104.40000414848328,86.40000343322754,98.4000039100647,0.4242640855706679,0.6000000238418579,0.5908899531094015,outputs/phase_b_mesh_qc/case_outputs/902/segmentation_raw.stl,outputs/phase_b_mesh_qc/case_outputs/902/segmentation_repaired.stl,outputs/phase_b_mesh_qc/case_outputs/902/segmentation_smoothed.stl,True,0.5796841216218649,3.141592653589793,0.5168455409019296,3.141386056675563,-0.003545119033372905,0.05817302746631005,True
903,outputs/final_test_250/case_outputs/903/seg_mask_0.5.nii.gz,ok,3.0,7,True,0,7570.402634084914,6472.1077715353085,115.80000460147858,96.00000381469727,85.20000338554382,0.4242640855706679,0.6000000238418579,0.5893062742054204,outputs/phase_b_mesh_qc/case_outputs/903/segmentation_raw.stl,outputs/phase_b_mesh_qc/case_outputs/903/segmentation_repaired.stl,outputs/phase_b_mesh_qc/case_outputs/903/segmentation_smoothed.stl,True,0.5746227442036649,3.141592653589793,0.5179492420163112,3.1394676227715426,-0.0028070601082877647,0.08537984851962359,True
904,outputs/final_test_250/case_outputs/904/seg_mask_0.5.nii.gz,ok,3.0,16,False,68,8865.166330203565,not_watertight,147.30000585317612,93.00000369548798,75.30000299215317,0.4242640855706679,0.6000000238418579,0.5911100166326884,outputs/phase_b_mesh_qc/case_outputs/904/segmentation_raw.stl,outputs/phase_b_mesh_qc/case_outputs/904/segmentation_repaired.stl,outputs/phase_b_mesh_qc/case_outputs/904/segmentation_smoothed.stl,True,0.6077333570323297,3.141592653589793,0.5602154468562592,3.137200148524374,not_watertight,0.09549295009372707,False
905,outputs/final_test_250/case_outputs/905/seg_mask_0.5.nii.gz,ok,3.0,11,True,0,8195.797509969538,6655.032793341666,154.80000615119934,102.6000040769577,91.2000036239624,0.4242640855706679,0.6000000238418579,0.590234307933724,outputs/phase_b_mesh_qc/case_outputs/905/segmentation_raw.stl,outputs/phase_b_mesh_qc/case_outputs/905/segmentation_repaired.stl,outputs/phase_b_mesh_qc/case_outputs/905/segmentation_smoothed.stl,True,0.5581536440061629,3.141592653589793,0.5051954319337665,3.137200350025728,-0.0032977374310338486,0.06136023678431622,True
906,outputs/final_test_250/case_outputs/906/seg_mask_0.5.nii.gz,ok,3.0,11,True,0,6600.911186331643,5904.720703897503,108.60000431537628,86.40000343322754,84.60000336170197,0.4242640855706679,0.6000000238418579,0.5904592771772084,outputs/phase_b_mesh_qc/case_outputs/906/segmentation_raw.stl,outputs/phase_b_mesh_qc/case_outputs/906/segmentation_repaired.stl,outputs/phase_b_mesh_qc/case_outputs/906/segmentation_smoothed.stl,True,0.5700786893753349,3.141592653589793,0.5164421324718348,3.1396164207102584,-0.0030952650854855763,0.10860884268086485,True
907,outputs/final_test_250/case_outputs/907/seg_mask_0.5.nii.gz,ok,3.0,9,True,0,7073.977689716599,6122.457729853781,114.60000455379486,100.80000400543213,78.60000312328339,0.4242640855706679,0.6000000238418579,0.5919699387329099,outputs/phase_b_mesh_qc/case_outputs/907/segmentation_raw.stl,outputs/phase_b_mesh_qc/case_outputs/907/segmentation_repaired.stl,outputs/phase_b_mesh_qc/case_outputs/907/segmentation_smoothed.stl,True,0.5912365080258619,3.141592653589793,0.5380165282267068,3.1402908255993265,-0.003036005107991129,0.09836803991545684,True
908,outputs/final_test_250/case_outputs/908/seg_mask_0.5.nii.gz,ok,3.0,9,True,0,8249.611241026278,6952.356828785453,122.40000486373901,105.00000417232513,90.00000357627869,0.4242640855706679,0.6000000238418579,0.5897934864269173,outputs/phase_b_mesh_qc/case_outputs/908/segmentation_raw.stl,outputs/phase_b_mesh_qc/case_outputs/908/segmentation_repaired.stl,outputs/phase_b_mesh_qc/case_outputs/908/segmentation_smoothed.stl,True,0.5735612981097111,3.141592653589793,0.5156953069099428,3.141592653589793,-0.0029329343309210487,0.07242883729444427,True
909,outputs/final_test_250/case_outputs/909/seg_mask_0.5.nii.gz,ok,3.0,9,True,0,6753.554474335804,5334.390635908872,111.60000443458557,99.60000395774841,90.60000360012054,0.4242640855706679,0.6000000238418579,0.5907718495804576,outputs/phase_b_mesh_qc/case_outputs/909/segmentation_raw.stl,outputs/phase_b_mesh_qc/case_outputs/909/segmentation_repaired.stl,outputs/phase_b_mesh_qc/case_outputs/909/segmentation_smoothed.stl,True,0.5751251835653802,3.141592653589793,0.5204497829488917,3.141592638688632,-0.003317691679452435,0.04838965571949865,True
910,outputs/final_test_250/case_outputs/910/seg_mask_0.5.nii.gz,ok,3.0,9,True,0,10211.83519267319,8230.014981094162,112.80000448226929,91.80000364780426,90.60000360012054,0.4242640855706679,0.6000000238418579,0.5918282531838616,outputs/phase_b_mesh_qc/case_outputs/910/segmentation_raw.stl,outputs/phase_b_mesh_qc/case_outputs/910/segmentation_repaired.stl,outputs/phase_b_mesh_qc/case_outputs/910/segmentation_smoothed.stl,True,0.6061294450408876,3.141592653589793,0.5568461735635469,3.140692586493235,-0.003497377990247625,0.06691526295486691,True
911,outputs/final_test_250/case_outputs/911/seg_mask_0.5.nii.gz,ok,3.0,6,True,0,7273.93081320553,6135.462731404096,139.20000553131104,114.000004529953,85.20000338554382,0.4242640855706679,0.6000000238418579,0.5896366041020146,outputs/phase_b_mesh_qc/case_outputs/911/segmentation_raw.stl,outputs/phase_b_mesh_qc/case_outputs/911/segmentation_repaired.stl,outputs/phase_b_mesh_qc/case_outputs/911/segmentation_smoothed.stl,True,0.577544207197387,3.141592653589793,0.5182452804554962,3.138282371946531,-0.003041911404541327,0.07743898223051926,True
912,outputs/final_test_250/case_outputs/912/seg_mask_0.5.nii.gz,ok,3.0,10,True,0,8196.124540782084,6921.48682510546,134.40000534057617,120.00000476837158,96.00000381469727,0.4242640855706679,0.6000000238418579,0.589474483424394,outputs/phase_b_mesh_qc/case_outputs/912/segmentation_raw.stl,outputs/phase_b_mesh_qc/case_outputs/912/segmentation_repaired.stl,outputs/phase_b_mesh_qc/case_outputs/912/segmentation_smoothed.stl,True,0.5764224610340051,3.141592653589793,0.522190531535606,3.1400371319656846,-0.003359768028772466,0.08675407425560593,True
913,outputs/final_test_250/case_outputs/913/seg_mask_0.5.nii.gz,ok,3.0,8,True,0,9139.402368428677,7569.675902375614,142.80000567436218,141.0000056028366,88.20000350475311,0.4242640855706679,0.6000000238418579,0.590937620279727,outputs/phase_b_mesh_qc/case_outputs/913/segmentation_raw.stl,outputs/phase_b_mesh_qc/case_outputs/913/segmentation_repaired.stl,outputs/phase_b_mesh_qc/case_outputs/913/segmentation_smoothed.stl,True,0.5991613817454565,3.141592653589793,0.5464215537146724,3.1405103629879463,-0.0032297219125483442,0.0726289843706235,True
914,outputs/final_test_250/case_outputs/914/seg_mask_0.5.nii.gz,ok,3.0,10,True,0,5790.311008466733,4799.5295721484645,95.40000379085541,78.00000309944153,100.20000398159027,0.4242640855706679,0.6000000238418579,0.5900067873390393,outputs/phase_b_mesh_qc/case_outputs/914/segmentation_raw.stl,outputs/phase_b_mesh_qc/case_outputs/914/segmentation_repaired.stl,outputs/phase_b_mesh_qc/case_outputs/914/segmentation_smoothed.stl,True,0.5733806573466546,3.141592653589793,0.5168607343522464,3.137691402570215,-0.0032047075574716485,0.05999293161335925,True
915,outputs/final_test_250/case_outputs/915/seg_mask_0.5.nii.gz,ok,3.0,8,True,0,10780.246195591231,9772.498164972476,122.40000486373901,98.4000039100647,97.80000388622284,0.4242640855706679,0.6000000238418579,0.5917374472366298,outputs/phase_b_mesh_qc/case_outputs/915/segmentation_raw.stl,outputs/phase_b_mesh_qc/case_outputs/915/segmentation_repaired.stl,outputs/phase_b_mesh_qc/case_outputs/915/segmentation_smoothed.stl,True,0.5779830542317902,3.141592653589793,0.5151613472497714,3.140415412576122,-0.002421732335306637,0.11177814029363785,True
916,outputs/final_test_250/case_outputs/916/seg_mask_0.5.nii.gz,ok,3.0,7,True,0,8174.938412713845,6995.9708339846475,128.4000051021576,114.60000455379486,96.00000381469727,0.4242640855706679,0.6000000238418579,0.5898163947631657,outputs/phase_b_mesh_qc/case_outputs/916/segmentation_raw.stl,outputs/phase_b_mesh_qc/case_outputs/916/segmentation_repaired.stl,outputs/phase_b_mesh_qc/case_outputs/916/segmentation_smoothed.stl,True,0.5773068876409322,3.141592653589793,0.5222805081334343,3.1377914060153778,-0.002759105937015639,0.0848598811112459,True
917,outputs/final_test_250/case_outputs/917/seg_mask_0.5.nii.gz,ok,3.0,11,True,0,9944.191683917723,9358.282115594075,145.20000576972961,113.40000450611115,85.80000340938568,0.4242640855706679,0.6000000238418579,0.5915561257481283,outputs/phase_b_mesh_qc/case_outputs/917/segmentation_raw.stl,outputs/phase_b_mesh_qc/case_outputs/917/segmentation_repaired.stl,outputs/phase_b_mesh_qc/case_outputs/917/segmentation_smoothed.stl,True,0.5803761784317921,3.141592653589793,0.524802776941606,3.1404216028263807,-0.0023400053589131228,0.12488632229901782,True
918,outputs/final_test_250/case_outputs/918/seg_mask_0.5.nii.gz,ok,3.0,14,True,0,6810.978193976755,5860.017698568488,108.60000431537628,84.60000336170197,92.40000367164612,0.4242640855706679,0.6000000238418579,0.5902921147497163,outputs/phase_b_mesh_qc/case_outputs/918/segmentation_raw.stl,outputs/phase_b_mesh_qc/case_outputs/918/segmentation_repaired.stl,outputs/phase_b_mesh_qc/case_outputs/918/segmentation_smoothed.stl,True,0.5758369007920262,3.141592653589793,0.516788319982601,3.1381973475577345,-0.003174968695860275,0.082413006481515,True
919,outputs/final_test_250/case_outputs/919/seg_mask_0.5.nii.gz,ok,3.0,6,True,0,7790.743519094519,7010.388835703401,108.60000431537628,105.00000417232513,89.40000355243683,0.4242640855706679,0.6000000238418579,0.5897912318539538,outputs/phase_b_mesh_qc/case_outputs/919/segmentation_raw.stl,outputs/phase_b_mesh_qc/case_outputs/919/segmentation_repaired.stl,outputs/phase_b_mesh_qc/case_outputs/919/segmentation_smoothed.stl,True,0.5984781922372797,3.141592653589793,0.5416434063379171,3.1406340941517787,-0.002654703139124482,0.11286948613005912,True
920,outputs/final_test_250/case_outputs/920/seg_mask_0.5.nii.gz,ok,3.0,18,True,0,8323.323386614225,6520.707777328877,138.00000548362732,95.40000379085541,90.00000357627869,0.4242640855706679,0.6000000238418579,0.5892462528691528,outputs/phase_b_mesh_qc/case_outputs/920/segmentation_raw.stl,outputs/phase_b_mesh_qc/case_outputs/920/segmentation_repaired.stl,outputs/phase_b_mesh_qc/case_outputs/920/segmentation_smoothed.stl,True,0.6026471001387679,3.141592653589793,0.5591776492807834,3.1329849698283065,-0.003745146702958334,0.052532589662105195,True
921,outputs/final_test_250/case_outputs/921/seg_mask_0.5.nii.gz,ok,3.0,7,True,0,8389.648143897779,7297.263869901572,156.00000619888306,111.60000443458557,87.0000034570694,0.4242640855706679,0.6000000238418579,0.5917631150114144,outputs/phase_b_mesh_qc/case_outputs/921/segmentation_raw.stl,outputs/phase_b_mesh_qc/case_outputs/921/segmentation_repaired.stl,outputs/phase_b_mesh_qc/case_outputs/921/segmentation_smoothed.stl,True,0.5770031387523069,3.141592653589793,0.5208105894344989,3.141592653589793,-0.002516609668937954,0.08772695530726257,True
922,outputs/final_test_250/case_outputs/922/seg_mask_0.5.nii.gz,ok,3.0,18,True,0,4304.50762853678,3466.2874132136258,104.40000414848328,86.40000343322754,66.60000264644623,0.4242640855706679,0.6000000238418579,0.5880428371538858,outputs/phase_b_mesh_qc/case_outputs/922/segmentation_raw.stl,outputs/phase_b_mesh_qc/case_outputs/922/segmentation_repaired.stl,outputs/phase_b_mesh_qc/case_outputs/922/segmentation_smoothed.stl,True,0.5947726555713212,3.141592653589793,0.5384188605947667,3.138267450323734,-0.004589556702031064,0.08037292060203521,True
923,outputs/final_test_250/case_outputs/923/seg_mask_0.5.nii.gz,ok,3.0,6,True,0,9464.512735636205,9084.943083009524,122.40000486373901,126.60000503063202,99.60000395774841,0.4242640855706679,0.6000000238418579,0.5908173459523504,outputs/phase_b_mesh_qc/case_outputs/923/segmentation_raw.stl,outputs/phase_b_mesh_qc/case_outputs/923/segmentation_repaired.stl,outputs/phase_b_mesh_qc/case_outputs/923/segmentation_smoothed.stl,True,0.5803377325550161,3.141592653589793,0.5200913536618543,3.139281492763549,-0.0021711304181358253,0.13855167565033982,True
924,outputs/final_test_250/case_outputs/924/seg_mask_0.5.nii.gz,ok,3.0,8,True,0,9895.836498165487,7873.911938643373,111.60000443458557,67.20000267028809,123.60000491142273,0.4242640855706679,0.6000000238418579,0.5928714984783361,outputs/phase_b_mesh_qc/case_outputs/924/segmentation_raw.stl,outputs/phase_b_mesh_qc/case_outputs/924/segmentation_repaired.stl,outputs/phase_b_mesh_qc/case_outputs/924/segmentation_smoothed.stl,True,0.5533841504436374,3.141592653589793,0.48869086536517065,3.137590937360004,-0.00341601712049352,0.05177331682901889,True
925,outputs/final_test_250/case_outputs/925/seg_mask_0.5.nii.gz,ok,3.0,16,False,82,8538.003327265455,not_watertight,156.90000623464584,109.80000436306,117.90000468492508,0.4242640855706679,0.6000000238418579,0.5912532334531438,outputs/phase_b_mesh_qc/case_outputs/925/segmentation_raw.stl,outputs/phase_b_mesh_qc/case_outputs/925/segmentation_repaired.stl,outputs/phase_b_mesh_qc/case_outputs/925/segmentation_smoothed.stl,True,0.5895653170941316,3.141592653589793,0.5352040829157951,3.141507282020445,not_watertight,0.07376369558779983,False
926,outputs/final_test_250/case_outputs/926/seg_mask_0.5.nii.gz,ok,3.0,9,True,0,5941.213416394272,4981.05059378746,103.20000410079956,92.40000367164612,111.00000441074371,0.4242640855706679,0.6000000238418579,0.587225439905117,outputs/phase_b_mesh_qc/case_outputs/926/segmentation_raw.stl,outputs/phase_b_mesh_qc/case_outputs/926/segmentation_repaired.stl,outputs/phase_b_mesh_qc/case_outputs/926/segmentation_smoothed.stl,True,0.568929221238623,3.141592653589793,0.5022848072461873,3.1353401247653814,-0.003348710340077236,0.07582010807131005,True
927,outputs/final_test_250/case_outputs/927/seg_mask_0.5.nii.gz,ok,3.0,13,True,0,7808.306194334339,5953.941709765102,107.40000426769257,94.20000374317169,90.00000357627869,0.4242640855706679,0.6000000238418579,0.5899759834697457,outputs/phase_b_mesh_qc/case_outputs/927/segmentation_raw.stl,outputs/phase_b_mesh_qc/case_outputs/927/segmentation_repaired.stl,outputs/phase_b_mesh_qc/case_outputs/927/segmentation_smoothed.stl,True,0.5685051402490675,3.141592653589793,0.5153915499986198,3.1403565780686606,-0.003887121778608028,0.04470780257602101,True
928,outputs/final_test_250/case_outputs/928/seg_mask_0.5.nii.gz,ok,3.0,7,True,0,7685.4393113452,7140.132851170088,128.4000051021576,108.60000431537628,90.00000357627869,0.4242640855706679,0.6000000238418579,0.5917117816157154,outputs/phase_b_mesh_qc/case_outputs/928/segmentation_raw.stl,outputs/phase_b_mesh_qc/case_outputs/928/segmentation_repaired.stl,outputs/phase_b_mesh_qc/case_outputs/928/segmentation_smoothed.stl,True,0.5778025095348742,3.141592653589793,0.5170143051966258,3.1377635356941003,-0.0025290732386310205,0.11885673412213513,True
929,outputs/final_test_250/case_outputs/929/seg_mask_0.5.nii.gz,ok,3.0,17,True,0,6990.164737907031,6393.015762106809,105.00000417232513,106.20000422000885,85.20000338554382,0.4242640855706679,0.6000000238418579,0.5888642862521596,outputs/phase_b_mesh_qc/case_outputs/929/segmentation_raw.stl,outputs/phase_b_mesh_qc/case_outputs/929/segmentation_repaired.stl,outputs/phase_b_mesh_qc/case_outputs/929/segmentation_smoothed.stl,True,0.6025115065809286,3.141592653589793,0.5466253089926463,3.1395133368414188,-0.0030826469370450814,0.13160780144200418,True
930,outputs/final_test_250/case_outputs/930/seg_mask_0.5.nii.gz,ok,3.0,9,True,0,8013.620256961259,7474.059890977299,115.80000460147858,99.60000395774841,78.60000312328339,0.4242640855706679,0.6000000238418579,0.5900496952261717,outputs/phase_b_mesh_qc/case_outputs/930/segmentation_raw.stl,outputs/phase_b_mesh_qc/case_outputs/930/segmentation_repaired.stl,outputs/phase_b_mesh_qc/case_outputs/930/segmentation_smoothed.stl,True,0.5994123584756248,3.141592653589793,0.5422271285780043,3.13963305061859,-0.0026231740206100486,0.12835685025034138,True
931,outputs/final_test_250/case_outputs/931/seg_mask_0.5.nii.gz,ok,3.0,20,True,0,4976.715646912136,3708.450442081707,146.40000581741333,99.60000395774841,89.40000355243683,0.4242640855706679,0.6000000238418579,0.5905183923123899,outputs/phase_b_mesh_qc/case_outputs/931/segmentation_raw.stl,outputs/phase_b_mesh_qc/case_outputs/931/segmentation_repaired.stl,outputs/phase_b_mesh_qc/case_outputs/931/segmentation_smoothed.stl,True,0.6104889703658445,3.141592653589793,0.5594098284739536,3.141592653589793,-0.005168311108382871,0.061094708153531685,True
932,outputs/final_test_250/case_outputs/932/seg_mask_0.5.nii.gz,ok,3.0,4,True,0,7491.189518060558,6660.504793993982,98.4000039100647,87.0000034570694,84.00000333786011,0.4242640855706679,0.6000000238418579,0.5926463647347852,outputs/phase_b_mesh_qc/case_outputs/932/segmentation_raw.stl,outputs/phase_b_mesh_qc/case_outputs/932/segmentation_repaired.stl,outputs/phase_b_mesh_qc/case_outputs/932/segmentation_smoothed.stl,True,0.5677494349301654,3.141592653589793,0.503286942986549,3.1408547637455557,-0.0023453754098094444,0.09037817137386309,True
933,outputs/final_test_250/case_outputs/933/seg_mask_0.5.nii.gz,ok,3.0,15,True,0,8392.442541954531,6768.369806852491,106.80000424385071,90.00000357627869,102.6000040769577,0.4242640855706679,0.6000000238418579,0.5901861336223555,outputs/phase_b_mesh_qc/case_outputs/933/segmentation_raw.stl,outputs/phase_b_mesh_qc/case_outputs/933/segmentation_repaired.stl,outputs/phase_b_mesh_qc/case_outputs/933/segmentation_smoothed.stl,True,0.5633959554049761,3.141592653589793,0.5011296884868358,3.1401932832964214,-0.0038413684172206404,0.07960758584059736,True
934,outputs/final_test_250/case_outputs/934/seg_mask_0.5.nii.gz,ok,3.0,5,True,0,8287.363613082007,7152.633852660333,111.00000441074371,88.80000352859497,103.20000410079956,0.4242640855706679,0.6000000238418579,0.5898377179062896,outputs/phase_b_mesh_qc/case_outputs/934/segmentation_raw.stl,outputs/phase_b_mesh_qc/case_outputs/934/segmentation_repaired.stl,outputs/phase_b_mesh_qc/case_outputs/934/segmentation_smoothed.stl,True,0.569416468708167,3.141592653589793,0.5120978954943095,3.1394295213576022,-0.0026672578776592054,0.09325379158875731,True
935,outputs/final_test_250/case_outputs/935/seg_mask_0.5.nii.gz,ok,3.0,6,True,0,8406.092776486093,7504.848894647628,124.80000495910645,106.20000422000885,91.80000364780426,0.4242640855706679,0.6000000238418579,0.5933260996053271,outputs/phase_b_mesh_qc/case_outputs/935/segmentation_raw.stl,outputs/phase_b_mesh_qc/case_outputs/935/segmentation_repaired.stl,outputs/phase_b_mesh_qc/case_outputs/935/segmentation_smoothed.stl,True,0.5770050973405196,3.141592653589793,0.5230998953874868,3.1387994102710426,-0.0023865139115176034,0.10421857304643262,True
936,outputs/final_test_250/case_outputs/936/seg_mask_0.5.nii.gz,ok,3.0,13,True,0,6737.483120551909,6638.346791352538,123.00000488758087,106.20000422000885,77.40000307559967,0.4242640855706679,0.6000000238418579,0.5910167186851768,outputs/phase_b_mesh_qc/case_outputs/936/segmentation_raw.stl,outputs/phase_b_mesh_qc/case_outputs/936/segmentation_repaired.stl,outputs/phase_b_mesh_qc/case_outputs/936/segmentation_smoothed.stl,True,0.5966926716042436,3.141592653589793,0.5432461720407853,3.139730255850655,-0.0025301951130287602,0.15962531678054726,True
937,outputs/final_test_250/case_outputs/937/seg_mask_0.5.nii.gz,ok,3.0,6,True,0,7103.884941207208,5720.544681942017,129.6000051498413,127.20000505447388,83.40000331401825,0.4242640855706679,0.6000000238418579,0.5880751516054786,outputs/phase_b_mesh_qc/case_outputs/937/segmentation_raw.stl,outputs/phase_b_mesh_qc/case_outputs/937/segmentation_repaired.stl,outputs/phase_b_mesh_qc/case_outputs/937/segmentation_smoothed.stl,True,0.5817267998316221,3.141592653589793,0.5220128186162286,3.138680576868423,-0.0034823052161826393,0.061623302120729855,True
938,outputs/final_test_250/case_outputs/938/seg_mask_0.5.nii.gz,ok,3.0,13,True,0,9732.004522997746,9304.381109168571,151.80000603199005,163.20000648498535,91.80000364780426,0.4242640855706679,0.6000000238418579,0.5910608757656917,outputs/phase_b_mesh_qc/case_outputs/938/segmentation_raw.stl,outputs/phase_b_mesh_qc/case_outputs/938/segmentation_repaired.stl,outputs/phase_b_mesh_qc/case_outputs/938/segmentation_smoothed.stl,True,0.5948180944017657,3.141592653589793,0.5372678712365319,3.140633818061,-0.0023525842990128427,0.14341581667657685,True
939,outputs/final_test_250/case_outputs/939/seg_mask_0.5.nii.gz,ok,3.0,13,True,0,8807.734538444649,7039.980839231049,131.40000522136688,107.40000426769257,89.40000355243683,0.4242640855706679,0.6000000238418579,0.591567845949258,outputs/phase_b_mesh_qc/case_outputs/939/segmentation_raw.stl,outputs/phase_b_mesh_qc/case_outputs/939/segmentation_repaired.stl,outputs/phase_b_mesh_qc/case_outputs/939/segmentation_smoothed.stl,True,0.580139327438476,3.141592653589793,0.5275394288217845,3.138325380350325,-0.0034039396705359457,0.05483075813142548,True
940,outputs/final_test_250/case_outputs/940/seg_mask_0.5.nii.gz,ok,3.0,13,True,0,6927.110639950858,5189.382618622564,109.80000436306,87.60000348091125,83.40000331401825,0.4242640855706679,0.6000000238418579,0.5905645296866384,outputs/phase_b_mesh_qc/case_outputs/940/segmentation_raw.stl,outputs/phase_b_mesh_qc/case_outputs/940/segmentation_repaired.stl,outputs/phase_b_mesh_qc/case_outputs/940/segmentation_smoothed.stl,True,0.57857592580655,3.141592653589793,0.5233590482979074,3.1390681568968852,-0.004571261559977291,0.043305005489366895,True
941,outputs/final_test_250/case_outputs/941/seg_mask_0.5.nii.gz,ok,3.0,6,True,0,5753.83024374552,4516.686538430949,93.00000369548798,76.80000305175781,89.40000355243683,0.4242640855706679,0.6000000238418579,0.589288742946971,outputs/phase_b_mesh_qc/case_outputs/941/segmentation_raw.stl,outputs/phase_b_mesh_qc/case_outputs/941/segmentation_repaired.stl,outputs/phase_b_mesh_qc/case_outputs/941/segmentation_smoothed.stl,True,0.5788229983163711,3.141592653589793,0.5266624424672992,3.139242242332852,-0.0034417015329068225,0.04745175192055462,True
942,outputs/final_test_250/case_outputs/942/seg_mask_0.5.nii.gz,ok,3.0,8,True,0,6096.418172628459,4924.494587045455,93.60000371932983,79.8000031709671,79.20000314712524,0.4242640855706679,0.6000000238418579,0.5903402491409951,outputs/phase_b_mesh_qc/case_outputs/942/segmentation_raw.stl,outputs/phase_b_mesh_qc/case_outputs/942/segmentation_repaired.stl,outputs/phase_b_mesh_qc/case_outputs/942/segmentation_smoothed.stl,True,0.5945452897238205,3.141592653589793,0.5487517522823534,3.1391116588634036,-0.003464113915393576,0.06210245831184459,True
943,outputs/final_test_250/case_outputs/943/seg_mask_0.5.nii.gz,ok,3.0,17,True,0,7084.247928820034,5397.642643449094,94.20000374317169,89.40000355243683,97.20000386238098,0.4242640855706679,0.6000000238418579,0.5890598837689486,outputs/phase_b_mesh_qc/case_outputs/943/segmentation_raw.stl,outputs/phase_b_mesh_qc/case_outputs/943/segmentation_repaired.stl,outputs/phase_b_mesh_qc/case_outputs/943/segmentation_smoothed.stl,True,0.5681323625904181,3.141592653589793,0.5068464051968546,3.140441541926354,-0.004526101134101809,0.04746451890370255,True
944,outputs/final_test_250/case_outputs/944/seg_mask_0.5.nii.gz,ok,3.0,20,False,52,10699.624853771855,not_watertight,160.500006377697,120.60000479221344,104.7000041604042,0.4242640855706679,0.6000000238418579,0.5902294414126041,outputs/phase_b_mesh_qc/case_outputs/944/segmentation_raw.stl,outputs/phase_b_mesh_qc/case_outputs/944/segmentation_repaired.stl,outputs/phase_b_mesh_qc/case_outputs/944/segmentation_smoothed.stl,True,0.5858014513440688,3.141592653589793,0.5353553730635093,3.140745013756211,not_watertight,0.08260869565217391,False
945,outputs/final_test_250/case_outputs/945/seg_mask_0.5.nii.gz,ok,3.0,8,True,0,8510.74541324993,7094.412845719845,108.60000431537628,119.40000474452972,85.20000338554382,0.4242640855706679,0.6000000238418579,0.5893659570549524,outputs/phase_b_mesh_qc/case_outputs/945/segmentation_raw.stl,outputs/phase_b_mesh_qc/case_outputs/945/segmentation_repaired.stl,outputs/phase_b_mesh_qc/case_outputs/945/segmentation_smoothed.stl,True,0.5807550724776147,3.141592653589793,0.5228868095153072,3.136202838989616,-0.002925661264850137,0.07793643207073725,True
946,outputs/final_test_250/case_outputs/946/seg_mask_0.5.nii.gz,ok,3.0,7,True,0,5896.751464343026,5000.049596052318,138.60000550746918,79.20000314712524,91.80000364780426,0.4242640855706679,0.6000000238418579,0.5911455889129876,outputs/phase_b_mesh_qc/case_outputs/946/segmentation_raw.stl,outputs/phase_b_mesh_qc/case_outputs/946/segmentation_repaired.stl,outputs/phase_b_mesh_qc/case_outputs/946/segmentation_smoothed.stl,True,0.5823468397196827,3.141592653589793,0.5281955131980164,3.1409266723865827,-0.00298270751670958,0.07335596096733135,True
947,outputs/final_test_250/case_outputs/947/seg_mask_0.5.nii.gz,ok,3.0,12,True,0,11073.873038535497,10444.690245104002,129.6000051498413,116.40000462532043,95.40000379085541,0.4242640855706679,0.6000000238418579,0.5921840429746777,outputs/phase_b_mesh_qc/case_outputs/947/segmentation_raw.stl,outputs/phase_b_mesh_qc/case_outputs/947/segmentation_repaired.stl,outputs/phase_b_mesh_qc/case_outputs/947/segmentation_smoothed.stl,True,0.5881799049434587,3.141592653589793,0.532950441697627,3.1393912311389753,-0.0023566001618918683,0.13551278134229555,True
948,outputs/final_test_250/case_outputs/948/seg_mask_0.5.nii.gz,ok,3.0,7,True,0,10738.419101005875,10078.228201418327,155.4000061750412,102.6000040769577,87.0000034570694,0.4242640855706679,0.6000000238418579,0.5924751638176077,outputs/phase_b_mesh_qc/case_outputs/948/segmentation_raw.stl,outputs/phase_b_mesh_qc/case_outputs/948/segmentation_repaired.stl,outputs/phase_b_mesh_qc/case_outputs/948/segmentation_smoothed.stl,True,0.585696353019086,3.141592653589793,0.533001911386128,3.1400819233666923,-0.0021476821072837437,0.12489440783916202,True
949,outputs/final_test_250/case_outputs/949/seg_mask_0.5.nii.gz,ok,3.0,5,True,0,6928.119580773138,5657.292674401785,108.00000429153442,93.00000369548798,94.20000374317169,0.4242640855706679,0.6000000238418579,0.5905863270335654,outputs/phase_b_mesh_qc/case_outputs/949/segmentation_raw.stl,outputs/phase_b_mesh_qc/case_outputs/949/segmentation_repaired.stl,outputs/phase_b_mesh_qc/case_outputs/949/segmentation_smoothed.stl,True,0.5696252221461595,3.141592653589793,0.5121158221235977,3.1407662035072064,-0.0033191081878993912,0.06241575557885278,True
950,outputs/final_test_250/case_outputs/950/seg_mask_0.5.nii.gz,ok,3.0,16,True,0,6846.0631113959225,5472.900652420544,116.40000462532043,112.80000448226929,82.80000329017639,0.4242640855706679,0.6000000238418579,0.5890888061572291,outputs/phase_b_mesh_qc/case_outputs/950/segmentation_raw.stl,outputs/phase_b_mesh_qc/case_outputs/950/segmentation_repaired.stl,outputs/phase_b_mesh_qc/case_outputs/950/segmentation_smoothed.stl,True,0.5831491057036603,3.141592653589793,0.5322701056085483,3.139064153741435,-0.003770217031312821,0.06212811992890812,True
951,outputs/final_test_250/case_outputs/951/seg_mask_0.5.nii.gz,ok,3.0,9,True,0,10137.789236647453,9861.760175613332,122.40000486373901,145.20000576972961,81.60000324249268,0.4242640855706679,0.6000000238418579,0.5917628787277052,outputs/phase_b_mesh_qc/case_outputs/951/segmentation_raw.stl,outputs/phase_b_mesh_qc/case_outputs/951/segmentation_repaired.stl,outputs/phase_b_mesh_qc/case_outputs/951/segmentation_smoothed.stl,True,0.6071168705807931,3.141592653589793,0.5533039100712586,3.141276428404244,-0.002101908782128652,0.14702198419211332,True
952,outputs/final_test_250/case_outputs/952/seg_mask_0.5.nii.gz,ok,3.0,5,True,0,7479.323103873455,6378.804760412723,109.80000436306,99.00000393390656,85.20000338554382,0.4242640855706679,0.6000000238418579,0.591615947637279,outputs/phase_b_mesh_qc/case_outputs/952/segmentation_raw.stl,outputs/phase_b_mesh_qc/case_outputs/952/segmentation_repaired.stl,outputs/phase_b_mesh_qc/case_outputs/952/segmentation_smoothed.stl,True,0.6010294843058123,3.141592653589793,0.5489473714385606,3.140350494921715,-0.0028378576117864852,0.0807996806599694,True
953,outputs/final_test_250/case_outputs/953/seg_mask_0.5.nii.gz,ok,3.0,10,True,0,11993.338480700666,10087.336202504082,112.20000445842743,101.40000402927399,94.80000376701355,0.4242640855706679,0.6000000238418579,0.5913360348868981,outputs/phase_b_mesh_qc/case_outputs/953/segmentation_raw.stl,outputs/phase_b_mesh_qc/case_outputs/953/segmentation_repaired.stl,outputs/phase_b_mesh_qc/case_outputs/953/segmentation_smoothed.stl,True,0.5679807575934492,3.141592653589793,0.5110031058080395,3.138545188071037,-0.0030707056048294647,0.08635694765608577,True
954,outputs/final_test_250/case_outputs/954/seg_mask_0.5.nii.gz,ok,3.0,5,True,0,7342.701568178735,6425.640765996014,108.00000429153442,83.40000331401825,92.40000367164612,0.4242640855706679,0.6000000238418579,0.589399030542292,outputs/phase_b_mesh_qc/case_outputs/954/segmentation_raw.stl,outputs/phase_b_mesh_qc/case_outputs/954/segmentation_repaired.stl,outputs/phase_b_mesh_qc/case_outputs/954/segmentation_smoothed.stl,True,0.5828753961515227,3.141592653589793,0.5337382834380573,3.1398057107609674,-0.0026361166127602765,0.08893221851350011,True
955,outputs/final_test_250/case_outputs/955/seg_mask_0.5.nii.gz,ok,3.0,6,True,0,8185.527599396584,6990.705833357012,102.00000405311584,81.00000321865082,107.40000426769257,0.4242640855706679,0.6000000238418579,0.5916554193038834,outputs/phase_b_mesh_qc/case_outputs/955/segmentation_raw.stl,outputs/phase_b_mesh_qc/case_outputs/955/segmentation_repaired.stl,outputs/phase_b_mesh_qc/case_outputs/955/segmentation_smoothed.stl,True,0.5723219677026028,3.141592653589793,0.5155078767939325,3.139346375727739,-0.002781506167045769,0.09233523485859935,True
956,outputs/final_test_250/case_outputs/956/seg_mask_0.5.nii.gz,ok,3.0,7,True,0,6379.12732440368,5280.309629461907,115.80000460147858,94.80000376701355,81.00000321865082,0.4242640855706679,0.6000000238418579,0.5895694527002172,outputs/phase_b_mesh_qc/case_outputs/956/segmentation_raw.stl,outputs/phase_b_mesh_qc/case_outputs/956/segmentation_repaired.stl,outputs/phase_b_mesh_qc/case_outputs/956/segmentation_smoothed.stl,True,0.5952718943453222,3.141592653589793,0.5445616287419944,3.1360500117526033,-0.0031004042111275674,0.06928666051142066,True
957,outputs/final_test_250/case_outputs/957/seg_mask_0.5.nii.gz,ok,3.0,16,True,0,10347.938666284463,7849.188935696162,105.60000419616699,100.80000400543213,89.40000355243683,0.4242640855706679,0.6000000238418579,0.5911783608941232,outputs/phase_b_mesh_qc/case_outputs/957/segmentation_raw.stl,outputs/phase_b_mesh_qc/case_outputs/957/segmentation_repaired.stl,outputs/phase_b_mesh_qc/case_outputs/957/segmentation_smoothed.stl,True,0.5733381442212898,3.141592653589793,0.523811711764712,3.1397024005046474,-0.003758237897580368,0.03434354309091888,True
958,outputs/final_test_250/case_outputs/958/seg_mask_0.5.nii.gz,ok,3.0,13,True,0,9478.538044466943,8224.371980421465,135.00000536441803,118.20000469684601,97.80000388622284,0.4242640855706679,0.6000000238418579,0.5888282309483872,outputs/phase_b_mesh_qc/case_outputs/958/segmentation_raw.stl,outputs/phase_b_mesh_qc/case_outputs/958/segmentation_repaired.stl,outputs/phase_b_mesh_qc/case_outputs/958/segmentation_smoothed.stl,True,0.5736809062517089,3.141592653589793,0.5148236169197254,3.138018187341487,-0.0031001154874007427,0.1011015659262699,True
959,outputs/final_test_250/case_outputs/959/seg_mask_0.5.nii.gz,ok,3.0,20,False,10,7703.644375454054,not_watertight,152.4000060558319,115.80000460147858,119.70000475645065,0.4242640855706679,0.6000000238418579,0.5889945059275284,outputs/phase_b_mesh_qc/case_outputs/959/segmentation_raw.stl,outputs/phase_b_mesh_qc/case_outputs/959/segmentation_repaired.stl,outputs/phase_b_mesh_qc/case_outputs/959/segmentation_smoothed.stl,True,0.5963104564785715,3.141592653589793,0.5514847185841576,3.141592653589793,not_watertight,0.10139055460114745,False
960,outputs/final_test_250/case_outputs/960/seg_mask_0.5.nii.gz,ok,3.0,19,True,0,10124.548191331438,9104.104085293693,174.0000069141388,124.80000495910645,90.00000357627869,0.4242640855706679,0.6000000238418579,0.5924417751840116,outputs/phase_b_mesh_qc/case_outputs/960/segmentation_raw.stl,outputs/phase_b_mesh_qc/case_outputs/960/segmentation_repaired.stl,outputs/phase_b_mesh_qc/case_outputs/960/segmentation_smoothed.stl,True,0.5886959835984508,3.141592653589793,0.5429488026302326,3.141592653589793,-0.002677591386189197,0.10839128202734867,True
961,outputs/final_test_250/case_outputs/961/seg_mask_0.5.nii.gz,ok,3.0,11,True,0,7294.770246888468,6006.492716029672,143.40000569820404,115.20000457763672,81.60000324249268,0.4242640855706679,0.6000000238418579,0.5921083712156043,outputs/phase_b_mesh_qc/case_outputs/961/segmentation_raw.stl,outputs/phase_b_mesh_qc/case_outputs/961/segmentation_repaired.stl,outputs/phase_b_mesh_qc/case_outputs/961/segmentation_smoothed.stl,True,0.5716730340240632,3.141592653589793,0.5209214154084866,3.1390351922311877,-0.003228261713576807,0.0683926492892667,True
962,outputs/final_test_250/case_outputs/962/seg_mask_0.5.nii.gz,ok,3.0,26,False,26,10651.761184530673,not_watertight,200.40000796318054,136.8000054359436,127.5000050663948,0.4242640855706679,0.6000000238418579,0.5908786167967087,outputs/phase_b_mesh_qc/case_outputs/962/segmentation_raw.stl,outputs/phase_b_mesh_qc/case_outputs/962/segmentation_repaired.stl,outputs/phase_b_mesh_qc/case_outputs/962/segmentation_smoothed.stl,True,0.6175647763199785,3.141592653589793,0.5661746501089022,3.139613338325479,not_watertight,0.09767409663574692,False
963,outputs/final_test_250/case_outputs/963/seg_mask_0.5.nii.gz,ok,3.0,12,True,0,13393.265915643498,13113.226563218295,135.6000053882599,107.40000426769257,94.20000374317169,0.4242640855706679,0.6000000238418579,0.5900890792485335,outputs/phase_b_mesh_qc/case_outputs/963/segmentation_raw.stl,outputs/phase_b_mesh_qc/case_outputs/963/segmentation_repaired.stl,outputs/phase_b_mesh_qc/case_outputs/963/segmentation_smoothed.stl,True,0.5862038011107531,3.141592653589793,0.5307452151042562,3.1413066792194737,-0.0021617843632460248,0.14688063410593338,True
964,outputs/final_test_250/case_outputs/964/seg_mask_0.5.nii.gz,ok,3.0,5,True,0,9656.700925647077,9015.832074770855,151.2000060081482,105.60000419616699,97.80000388622284,0.4242640855706679,0.6000000238418579,0.5907970813630438,outputs/phase_b_mesh_qc/case_outputs/964/segmentation_raw.stl,outputs/phase_b_mesh_qc/case_outputs/964/segmentation_repaired.stl,outputs/phase_b_mesh_qc/case_outputs/964/segmentation_smoothed.stl,True,0.5833858777498383,3.141592653589793,0.5301316797175805,3.1401794802050156,-0.002220554788589496,0.12271965638496213,True
965,outputs/final_test_250/case_outputs/965/seg_mask_0.5.nii.gz,ok,3.0,14,True,0,9252.306612472581,8163.342973146246,144.60000574588776,97.80000388622284,83.40000331401825,0.4242640855706679,0.6000000238418579,0.592450996229114,outputs/phase_b_mesh_qc/case_outputs/965/segmentation_raw.stl,outputs/phase_b_mesh_qc/case_outputs/965/segmentation_repaired.stl,outputs/phase_b_mesh_qc/case_outputs/965/segmentation_smoothed.stl,True,0.6139987883012541,3.141592653589793,0.5663912986642636,3.141592653589793,-0.0027743907601585744,0.09941976946894596,True
966,outputs/final_test_250/case_outputs/966/seg_mask_0.5.nii.gz,ok,3.0,7,True,0,10671.022839022347,8970.058069314166,114.000004529953,105.00000417232513,88.80000352859497,0.4242640855706679,0.6000000238418579,0.5906672703970893,outputs/phase_b_mesh_qc/case_outputs/966/segmentation_raw.stl,outputs/phase_b_mesh_qc/case_outputs/966/segmentation_repaired.stl,outputs/phase_b_mesh_qc/case_outputs/966/segmentation_smoothed.stl,True,0.5875577523140892,3.141592653589793,0.5377085391352342,3.140284464432818,-0.0028836236342909714,0.07869100539109052,True
967,outputs/final_test_250/case_outputs/967/seg_mask_0.5.nii.gz,ok,3.0,7,True,0,8971.423484702113,7908.489942765391,128.4000051021576,98.4000039100647,101.40000402927399,0.4242640855706679,0.6000000238418579,0.5896531745449255,outputs/phase_b_mesh_qc/case_outputs/967/segmentation_raw.stl,outputs/phase_b_mesh_qc/case_outputs/967/segmentation_repaired.stl,outputs/phase_b_mesh_qc/case_outputs/967/segmentation_smoothed.stl,True,0.5712296681276525,3.141592653589793,0.5191412157737223,3.141592653589793,-0.0024403820417603986,0.09534171502256608,True
968,outputs/final_test_250/case_outputs/968/seg_mask_0.5.nii.gz,ok,3.0,10,True,0,5938.271647792996,5177.997617265367,95.40000379085541,92.40000367164612,84.60000336170197,0.4242640855706679,0.6000000238418579,0.5896180728728266,outputs/phase_b_mesh_qc/case_outputs/968/segmentation_raw.stl,outputs/phase_b_mesh_qc/case_outputs/968/segmentation_repaired.stl,outputs/phase_b_mesh_qc/case_outputs/968/segmentation_smoothed.stl,True,0.5807876411733401,3.141592653589793,0.5229075444571438,3.141006935393406,-0.0029144664516858047,0.08868025091222172,True
969,outputs/final_test_250/case_outputs/969/seg_mask_0.5.nii.gz,ok,3.0,12,True,0,9550.958278641683,8177.7429748628565,125.4000049829483,89.40000355243683,105.60000419616699,0.4242640855706679,0.6000000238418579,0.5893954474016919,outputs/phase_b_mesh_qc/case_outputs/969/segmentation_raw.stl,outputs/phase_b_mesh_qc/case_outputs/969/segmentation_repaired.stl,outputs/phase_b_mesh_qc/case_outputs/969/segmentation_smoothed.stl,True,0.5656005104898576,3.141592653589793,0.5031475532067691,3.139961057123523,-0.003108461085513144,0.08777893098079917,True
970,outputs/final_test_250/case_outputs/970/seg_mask_0.5.nii.gz,ok,3.0,13,True,0,5517.209835687846,4362.102520003101,112.80000448226929,84.60000336170197,88.80000352859497,0.4242640855706679,0.6000000238418579,0.5902577965065071,outputs/phase_b_mesh_qc/case_outputs/970/segmentation_raw.stl,outputs/phase_b_mesh_qc/case_outputs/970/segmentation_repaired.stl,outputs/phase_b_mesh_qc/case_outputs/970/segmentation_smoothed.stl,True,0.5840524073871112,3.141592653589793,0.5320069583671888,3.140107415741652,-0.0040767214210250865,0.05834746789435425,True
971,outputs/final_test_250/case_outputs/971/seg_mask_0.5.nii.gz,ok,3.0,11,True,0,7054.708107206507,5763.114687016755,100.20000398159027,75.00000298023224,112.20000445842743,0.4242640855706679,0.6000000238418579,0.5908347996715487,outputs/phase_b_mesh_qc/case_outputs/971/segmentation_raw.stl,outputs/phase_b_mesh_qc/case_outputs/971/segmentation_repaired.stl,outputs/phase_b_mesh_qc/case_outputs/971/segmentation_smoothed.stl,True,0.5555059916416114,3.141592653589793,0.4966916522777341,3.1380896664021303,-0.00336428949867411,0.06325810482981695,True
972,outputs/final_test_250/case_outputs/972/seg_mask_0.5.nii.gz,ok,3.0,16,True,0,7019.874978262318,5699.835679473307,105.00000417232513,92.40000367164612,77.40000307559967,0.4242640855706679,0.6000000238418579,0.5878642911148312,outputs/phase_b_mesh_qc/case_outputs/972/segmentation_raw.stl,outputs/phase_b_mesh_qc/case_outputs/972/segmentation_repaired.stl,outputs/phase_b_mesh_qc/case_outputs/972/segmentation_smoothed.stl,True,0.5788848107436985,3.141592653589793,0.528006592119916,3.1378018235250766,-0.0037234714964778045,0.06586915332317866,True
973,outputs/final_test_250/case_outputs/973/seg_mask_0.5.nii.gz,ok,3.0,10,True,0,8993.818954618824,8775.946046174207,105.60000419616699,88.20000350475311,93.60000371932983,0.4242640855706679,0.6000000238418579,0.5891837176388531,outputs/phase_b_mesh_qc/case_outputs/973/segmentation_raw.stl,outputs/phase_b_mesh_qc/case_outputs/973/segmentation_repaired.stl,outputs/phase_b_mesh_qc/case_outputs/973/segmentation_smoothed.stl,True,0.6019405191907384,3.141592653589793,0.5481666131502483,3.141592653589793,-0.002025169347049249,0.1354928004273608,True
974,outputs/final_test_250/case_outputs/974/seg_mask_0.5.nii.gz,ok,3.0,13,True,0,13393.426949640934,13071.520558246555,148.80000591278076,99.00000393390656,94.20000374317169,0.4242640855706679,0.6000000238418579,0.5911569804315082,outputs/phase_b_mesh_qc/case_outputs/974/segmentation_raw.stl,outputs/phase_b_mesh_qc/case_outputs/974/segmentation_repaired.stl,outputs/phase_b_mesh_qc/case_outputs/974/segmentation_smoothed.stl,True,0.5768600807509471,3.141592653589793,0.5139912620253588,3.1404675356548593,-0.0022518207132575024,0.14778060226828316,True
975,outputs/final_test_250/case_outputs/975/seg_mask_0.5.nii.gz,ok,3.0,11,True,0,10990.521717598747,10151.362210136575,156.60000622272491,98.4000039100647,107.40000426769257,0.4242640855706679,0.6000000238418579,0.5915743868228921,outputs/phase_b_mesh_qc/case_outputs/975/segmentation_raw.stl,outputs/phase_b_mesh_qc/case_outputs/975/segmentation_repaired.stl,outputs/phase_b_mesh_qc/case_outputs/975/segmentation_smoothed.stl,True,0.5935231361335502,3.141592653589793,0.537850830061811,3.139988609409711,-0.0024735283527616315,0.1212419601516834,True
976,outputs/final_test_250/case_outputs/976/seg_mask_0.5.nii.gz,ok,3.0,9,True,0,6911.655943094315,5695.7316789840725,92.40000367164612,81.00000321865082,91.2000036239624,0.4242640855706679,0.6000000238418579,0.5884141401404093,outputs/phase_b_mesh_qc/case_outputs/976/segmentation_raw.stl,outputs/phase_b_mesh_qc/case_outputs/976/segmentation_repaired.stl,outputs/phase_b_mesh_qc/case_outputs/976/segmentation_smoothed.stl,True,0.5809465874088903,3.141592653589793,0.5270545721040354,3.1394355462519585,-0.003235429146799129,0.06838052010863499,True
977,outputs/final_test_250/case_outputs/977/seg_mask_0.5.nii.gz,ok,3.0,2,True,0,7347.195698208604,6322.05975364819,103.20000410079956,90.60000360012054,90.00000357627869,0.4242640855706679,0.6000000238418579,0.5897667765562032,outputs/phase_b_mesh_qc/case_outputs/977/segmentation_raw.stl,outputs/phase_b_mesh_qc/case_outputs/977/segmentation_repaired.stl,outputs/phase_b_mesh_qc/case_outputs/977/segmentation_smoothed.stl,True,0.5771208877492132,3.141592653589793,0.5199272055340209,3.139938738889607,-0.0025434847358519123,0.08120532868024563,True
978,outputs/final_test_250/case_outputs/978/seg_mask_0.5.nii.gz,ok,3.0,15,True,0,9156.66310182386,7528.761897498286,114.000004529953,98.4000039100647,77.40000307559967,0.4242640855706679,0.6000000238418579,0.5920229664562983,outputs/phase_b_mesh_qc/case_outputs/978/segmentation_raw.stl,outputs/phase_b_mesh_qc/case_outputs/978/segmentation_repaired.stl,outputs/phase_b_mesh_qc/case_outputs/978/segmentation_smoothed.stl,True,0.6105267700927862,3.141592653589793,0.5584146790255923,3.1413413055031616,-0.0031930817815771263,0.07653563690593433,True
979,outputs/final_test_250/case_outputs/979/seg_mask_0.5.nii.gz,ok,3.0,9,True,0,7757.071184801777,6681.8347965367175,114.000004529953,117.00000464916229,97.20000386238098,0.4242640855706679,0.6000000238418579,0.5901342572862867,outputs/phase_b_mesh_qc/case_outputs/979/segmentation_raw.stl,outputs/phase_b_mesh_qc/case_outputs/979/segmentation_repaired.stl,outputs/phase_b_mesh_qc/case_outputs/979/segmentation_smoothed.stl,True,0.5656586489442217,3.141592653589793,0.50596387518189,3.141592653589793,-0.0030047233319622454,0.08939913617886179,True
980,outputs/final_test_250/case_outputs/980/seg_mask_0.5.nii.gz,ok,3.0,12,True,0,7759.312945043053,7965.990949620045,118.80000472068787,96.00000381469727,87.60000348091125,0.4242640855706679,0.6000000238418579,0.5905553777772612,outputs/phase_b_mesh_qc/case_outputs/980/segmentation_raw.stl,outputs/phase_b_mesh_qc/case_outputs/980/segmentation_repaired.stl,outputs/phase_b_mesh_qc/case_outputs/980/segmentation_smoothed.stl,True,0.5956945467891206,3.141592653589793,0.5358590074868799,3.141592653589793,-0.0021485685792750004,0.17208443695320652,True
981,outputs/final_test_250/case_outputs/981/seg_mask_0.5.nii.gz,ok,3.0,11,True,0,4885.160961622049,4292.856511748335,116.40000462532043,100.20000398159027,97.80000388622284,0.4242640855706679,0.6000000238418579,0.5925633318572742,outputs/phase_b_mesh_qc/case_outputs/981/segmentation_raw.stl,outputs/phase_b_mesh_qc/case_outputs/981/segmentation_repaired.stl,outputs/phase_b_mesh_qc/case_outputs/981/segmentation_smoothed.stl,True,0.579911087939113,3.141592653589793,0.5332354516805448,3.138736196683719,-0.0032037972114505216,0.10779952550415184,True
982,outputs/final_test_250/case_outputs/982/seg_mask_0.5.nii.gz,ok,3.0,3,True,0,5906.015331234781,4626.95455157592,100.80000400543213,93.60000371932983,75.6000030040741,0.4242640855706679,0.6000000238418579,0.5923419288776254,outputs/phase_b_mesh_qc/case_outputs/982/segmentation_raw.stl,outputs/phase_b_mesh_qc/case_outputs/982/segmentation_repaired.stl,outputs/phase_b_mesh_qc/case_outputs/982/segmentation_smoothed.stl,True,0.5984817634668833,3.141592653589793,0.5567505483359659,3.138690562413619,-0.003246600386932089,0.051440329218107,True
983,outputs/final_test_250/case_outputs/983/seg_mask_0.5.nii.gz,ok,3.0,11,True,0,10208.479598325754,8728.822040556593,123.00000488758087,97.20000386238098,93.00000369548798,0.4242640855706679,0.6000000238418579,0.5913088466073637,outputs/phase_b_mesh_qc/case_outputs/983/segmentation_raw.stl,outputs/phase_b_mesh_qc/case_outputs/983/segmentation_repaired.stl,outputs/phase_b_mesh_qc/case_outputs/983/segmentation_smoothed.stl,True,0.584295455165569,3.141592653589793,0.53172706795043,3.1400701422867177,-0.003105898020551026,0.090003159711251,True
984,outputs/final_test_250/case_outputs/984/seg_mask_0.5.nii.gz,ok,3.0,29,True,0,10192.902352954074,9531.523136246013,190.20000755786896,144.0000057220459,95.40000379085541,0.4242640855706679,0.6000000238418579,0.5888101506687228,outputs/phase_b_mesh_qc/case_outputs/984/segmentation_raw.stl,outputs/phase_b_mesh_qc/case_outputs/984/segmentation_repaired.stl,outputs/phase_b_mesh_qc/case_outputs/984/segmentation_smoothed.stl,True,0.5976969509559786,3.141592653589793,0.546358057797838,3.140174040510775,-0.0030363239285540232,0.14274887432570996,True
985,outputs/final_test_250/case_outputs/985/seg_mask_0.5.nii.gz,ok,3.0,11,True,0,8403.227013894802,7266.006866175449,166.8000066280365,137.40000545978546,95.40000379085541,0.4242640855706679,0.6000000238418579,0.5926195691762863,outputs/phase_b_mesh_qc/case_outputs/985/segmentation_raw.stl,outputs/phase_b_mesh_qc/case_outputs/985/segmentation_repaired.stl,outputs/phase_b_mesh_qc/case_outputs/985/segmentation_smoothed.stl,True,0.5775740144445932,3.141592653589793,0.5207600352132563,3.1390715800291726,-0.0030267758927940767,0.09058785737230966,True
986,outputs/final_test_250/case_outputs/986/seg_mask_0.5.nii.gz,ok,3.0,12,True,0,8477.546558561333,7802.7759301633005,176.40000700950623,109.80000436306,96.00000381469727,0.4242640855706679,0.6000000238418579,0.5897626335073448,outputs/phase_b_mesh_qc/case_outputs/986/segmentation_raw.stl,outputs/phase_b_mesh_qc/case_outputs/986/segmentation_repaired.stl,outputs/phase_b_mesh_qc/case_outputs/986/segmentation_smoothed.stl,True,0.581648231997726,3.141592653589793,0.5227076290520127,3.1411638929213477,-0.0026705668074649717,0.11467814901618793,True
987,outputs/final_test_250/case_outputs/987/seg_mask_0.5.nii.gz,ok,3.0,4,True,0,11018.7813908592,10529.551255220225,118.80000472068787,82.20000326633453,99.00000393390656,0.4242640855706679,0.6000000238418579,0.5915933443425903,outputs/phase_b_mesh_qc/case_outputs/987/segmentation_raw.stl,outputs/phase_b_mesh_qc/case_outputs/987/segmentation_repaired.stl,outputs/phase_b_mesh_qc/case_outputs/987/segmentation_smoothed.stl,True,0.5752382202150572,3.141592653589793,0.5178200288436364,3.138368505960475,-0.0020279099286653703,0.13512092534174552,True
988,outputs/final_test_250/case_outputs/988/seg_mask_0.5.nii.gz,ok,3.0,13,True,0,7104.371356260772,5617.197669622091,112.80000448226929,87.60000348091125,78.00000309944153,0.4242640855706679,0.6000000238418579,0.5926978871724415,outputs/phase_b_mesh_qc/case_outputs/988/segmentation_raw.stl,outputs/phase_b_mesh_qc/case_outputs/988/segmentation_repaired.stl,outputs/phase_b_mesh_qc/case_outputs/988/segmentation_smoothed.stl,True,0.5812105883980737,3.141592653589793,0.5312806356457063,3.1406334628797583,-0.0037692247805523257,0.05944806294943714,True
989,outputs/final_test_250/case_outputs/989/seg_mask_0.5.nii.gz,ok,3.0,6,True,0,9044.829404050759,7588.062904567515,113.40000450611115,85.80000340938568,90.60000360012054,0.4242640855706679,0.6000000238418579,0.590338961781857,outputs/phase_b_mesh_qc/case_outputs/989/segmentation_raw.stl,outputs/phase_b_mesh_qc/case_outputs/989/segmentation_repaired.stl,outputs/phase_b_mesh_qc/case_outputs/989/segmentation_smoothed.stl,True,0.5851532794635876,3.141592653589793,0.5270246246469885,3.139287138001299,-0.0027485358463007863,0.07581348540758134,True
990,outputs/final_test_250/case_outputs/990/seg_mask_0.5.nii.gz,ok,3.0,9,True,0,7973.494589730035,7055.78484111503,141.0000056028366,102.6000040769577,126.60000503063202,0.4242640855706679,0.6000000238418579,0.5896364617895078,outputs/phase_b_mesh_qc/case_outputs/990/segmentation_raw.stl,outputs/phase_b_mesh_qc/case_outputs/990/segmentation_repaired.stl,outputs/phase_b_mesh_qc/case_outputs/990/segmentation_smoothed.stl,True,0.5868506580340025,3.141592653589793,0.5366807422617452,3.1391549219996326,-0.002766913766556789,0.09889216689746523,True
991,outputs/final_test_250/case_outputs/991/seg_mask_0.5.nii.gz,ok,3.0,21,True,0,7946.759015932039,6568.497783025891,163.20000648498535,143.40000569820404,78.00000309944153,0.4242640855706679,0.6000000238418579,0.5905706562205171,outputs/phase_b_mesh_qc/case_outputs/991/segmentation_raw.stl,outputs/phase_b_mesh_qc/case_outputs/991/segmentation_repaired.stl,outputs/phase_b_mesh_qc/case_outputs/991/segmentation_smoothed.stl,True,0.6033472111811561,3.141592653589793,0.5566839262560342,3.1399075921336594,-0.003532338289172038,0.07502821215540867,True
992,outputs/final_test_250/case_outputs/992/seg_mask_0.5.nii.gz,ok,3.0,9,True,0,6411.900486656616,5388.750642389085,111.60000443458557,87.0000034570694,87.0000034570694,0.4242640855706679,0.6000000238418579,0.5878278521753177,outputs/phase_b_mesh_qc/case_outputs/992/segmentation_raw.stl,outputs/phase_b_mesh_qc/case_outputs/992/segmentation_repaired.stl,outputs/phase_b_mesh_qc/case_outputs/992/segmentation_smoothed.stl,True,0.5912069596835147,3.141592653589793,0.5402119804158553,3.140954880281685,-0.002865300383873255,0.07212030548775687,True
993,outputs/final_test_250/case_outputs/993/seg_mask_0.5.nii.gz,ok,3.0,10,True,0,13642.677025593115,12695.023513364611,118.20000469684601,113.40000450611115,96.60000383853912,0.4242640855706679,0.6000000238418579,0.5910305875389102,outputs/phase_b_mesh_qc/case_outputs/993/segmentation_raw.stl,outputs/phase_b_mesh_qc/case_outputs/993/segmentation_repaired.stl,outputs/phase_b_mesh_qc/case_outputs/993/segmentation_smoothed.stl,True,0.609511712255831,3.141592653589793,0.5552635121146104,3.1397392152108066,-0.0023004349876980606,0.12709293555685913,True
994,outputs/final_test_250/case_outputs/994/seg_mask_0.5.nii.gz,ok,3.0,13,True,0,9544.827864691786,8089.308964320694,151.2000060081482,105.00000417232513,78.00000309944153,0.4242640855706679,0.6000000238418579,0.5918621059119614,outputs/phase_b_mesh_qc/case_outputs/994/segmentation_raw.stl,outputs/phase_b_mesh_qc/case_outputs/994/segmentation_repaired.stl,outputs/phase_b_mesh_qc/case_outputs/994/segmentation_smoothed.stl,True,0.5870499750959621,3.141592653589793,0.5352761828871193,3.1386928018321822,-0.002858694103550486,0.08252936241610738,True
995,outputs/final_test_250/case_outputs/995/seg_mask_0.5.nii.gz,ok,3.0,14,False,28,8097.7183063292105,not_watertight,171.30000680685043,128.4000051021576,77.40000307559967,0.4242640855706679,0.6000000238418579,0.591263885155226,outputs/phase_b_mesh_qc/case_outputs/995/segmentation_raw.stl,outputs/phase_b_mesh_qc/case_outputs/995/segmentation_repaired.stl,outputs/phase_b_mesh_qc/case_outputs/995/segmentation_smoothed.stl,True,0.6110942391027957,3.141592653589793,0.5640722748167625,3.1408118607393676,not_watertight,0.04954759440419352,False
996,outputs/final_test_250/case_outputs/996/seg_mask_0.5.nii.gz,ok,3.0,13,True,0,7221.882600706809,5759.829686625152,106.20000422000885,93.60000371932983,77.40000307559967,0.4242640855706679,0.6000000238418579,0.5910616213892592,outputs/phase_b_mesh_qc/case_outputs/996/segmentation_raw.stl,outputs/phase_b_mesh_qc/case_outputs/996/segmentation_repaired.stl,outputs/phase_b_mesh_qc/case_outputs/996/segmentation_smoothed.stl,True,0.5937824116489921,3.141592653589793,0.5426874238423128,3.1403025904591004,-0.0034509810620160595,0.05869173981709332,True
997,outputs/final_test_250/case_outputs/997/seg_mask_0.5.nii.gz,ok,3.0,9,True,0,10378.688339538228,9135.334089016593,120.00000476837158,106.80000424385071,79.20000314712524,0.4242640855706679,0.6000000238418579,0.5899827299953914,outputs/phase_b_mesh_qc/case_outputs/997/segmentation_raw.stl,outputs/phase_b_mesh_qc/case_outputs/997/segmentation_repaired.stl,outputs/phase_b_mesh_qc/case_outputs/997/segmentation_smoothed.stl,True,0.5954148027229976,3.141592653589793,0.5425688847327989,3.1397762226181265,-0.0028010943077569905,0.10030444583885287,True
998,outputs/final_test_250/case_outputs/998/seg_mask_0.5.nii.gz,ok,3.0,3,True,0,9647.480607052781,9647.569150079773,111.00000441074371,95.40000379085541,81.60000324249268,0.4242640855706679,0.6000000238418579,0.5919695216826201,outputs/phase_b_mesh_qc/case_outputs/998/segmentation_raw.stl,outputs/phase_b_mesh_qc/case_outputs/998/segmentation_repaired.stl,outputs/phase_b_mesh_qc/case_outputs/998/segmentation_smoothed.stl,True,0.567867553586847,3.141592653589793,0.5079985328945784,3.139652833294096,-0.002094785703373259,0.17328886631181395,True
999,outputs/final_test_250/case_outputs/999/seg_mask_0.5.nii.gz,ok,3.0,17,True,0,5740.916413842627,4419.036526790164,101.40000402927399,72.60000288486481,82.20000326633453,0.4242640855706679,0.6000000238418579,0.5899014904823849,outputs/phase_b_mesh_qc/case_outputs/999/segmentation_raw.stl,outputs/phase_b_mesh_qc/case_outputs/999/segmentation_repaired.stl,outputs/phase_b_mesh_qc/case_outputs/999/segmentation_smoothed.stl,True,0.5984373770319318,3.141592653589793,0.5548425092057574,3.140266309583498,-0.004486604340506697,0.053164556962025315,True
